original_id,first_name,last_name,gender,father
394,Hoard,Gay,M,KKenneth
770,KKelly,Gonzalezz,F,Geralld
218,MMark,Benett,M,Jimm
1627,Eal,Baiey,M,Richrd
1052,Jutin,Dunnn,M,Terrry
1386,Arthurr,Rse,M,Charlees
591,Richrd,Talor,M,lan
1359,Anne,Orrtiz,F,Aaaron
947,RRandy,Clarkk,M,Jooe
1959,Anthon,Rbertson,M,Loui
501,Stephaanie,Sanderrs,F,Earrl
514,anda,Perrry,F,Luis
406,udith,Harriss,F,Anndrew
338,amela,TTucker,F,Benjjamin
1080,Shron,Jmes,F,Georgee
316,Louisee,Bakr,F,Joshhua
861,Chaarles,Robertsn,M,Justinn
212,Jeaan,Moraes,F,Larrry
475,Mailyn,Morrisonn,F,Anntonio
137,Elizabet,Floes,F,Jese
1857,Jesica,Shw,F,Marrtin
347,Ericc,Romeero,M,Samul
1546,Erl,KKim,M,Eal
1833,Tin,Elliis,F,Jeremyy
371,CCarol,Le,F,Albertt
1912,Judth,BBoyd,F,illie
1502,Thommas,Hilll,M,Knneth
679,Benjami,Milller,M,Daaniel
1741,Thommas,Tylor,M,Jonahan
1005,Rachell,Whit,F,Carlo
425,Mar,Davs,M,Artur
1299,Drothy,Raamirez,F,Gregor
331,Roose,Steves,F,Jimmmy
1506,Allbert,Mcco,M,Chares
1006,Wada,Sanche,F,Willi
567,Marilyyn,Spencerr,F,Jeffry
1251,Keth,Matthes,M,Louuis
1259,Deennis,Den,M,DDouglas
1958,Roin,Johnson,F,Raymondd
497,Laur,Saanchez,F,Pattrick
1227,Charrles,Roggers,M,Anthhony
755,Shirly,Heernandez,F,Peterr
1598,Ncholas,Lan,M,Eri
452,Georgge,Floress,M,Justtin
723,Sandraa,Dais,F,Geraald
780,Teesa,Walkerr,F,Jammes
1054,Therresa,Simmon,F,Brucce
622,Jan,Bannks,F,Craaig
1003,Pauul,RRice,M,TThomas
1773,Seaan,Gren,M,Gerad
1948,Howward,Bllack,M,Gar
1886,Theres,Arnnold,F,Antoniio
881,DDonald,liver,M,AAndrew
453,Bety,Litttle,F,Miichael
833,Kely,Wods,F,Sen
111,Janeet,Hendersoon,F,Ronld
1974,Stevn,Reynold,M,Markk
1122,Anthoony,Willson,M,Jonatan
1697,Louse,Raamos,F,Josee
1546,Earrl,Kimm,M,Earll
699,Niole,Hrris,F,Mrk
1016,Heatherr,Dixxon,F,Chri
36,Waltr,Diz,M,Pattrick
80,Melisa,Yung,F,Chistopher
1668,Williee,HHenry,M,Patric
810,Niccholas,wens,M,Tod
1156,Jasson,Baiiley,M,Ronnald
1794,eith,Gran,M,GGregory
1784,Sttephen,Howel,M,esse
1890,Heleen,udson,F,Craaig
172,Car,Edwads,M,Christophher
1477,Davvid,Stonee,M,Billly
141,Kaherine,Bares,F,Geraldd
118,Marttha,Thommpson,F,Claence
1085,Kathleenn,Perrkins,F,Tmothy
681,Karren,Jordann,F,Frak
1512,Ashle,Piercce,F,Bradon
1788,Pilip,Fowlr,M,Jmes
1244,Ann,Reyess,F,Chriistopher
1353,Jua,Hghes,M,BBrian
795,Angea,Meyerr,F,Russsell
1229,Elizabetth,HHall,F,CCraig
1105,Sanddra,Sanley,F,Bobbyy
953,Bety,Mson,F,Fredd
782,NNicole,Colman,F,Rogger
1099,Clarencee,Stwart,M,ohnny
1438,GGary,Fazier,M,Jo
1229,Elizabbeth,all,F,Craiig
1947,Frnces,HHowell,F,Thomass
1450,Nicolas,Milller,M,ouglas
1199,Hrold,Wheeller,M,Georrge
1463,usan,Dunccan,F,Bejamin
477,Andra,Fiellds,F,Danieel
103,lice,Myerss,F,Ry
18,Antonnio,Gonzalz,M,Adrew
893,Frred,Miills,M,Bill
1332,harles,Simpsoon,M,Richhard
1206,RRalph,Field,M,Howaard
56,Eugen,Armstroong,M,Thoma
349,Marttin,Freean,M,Ernet
701,Williee,Gomz,M,Roert
353,Markk,Whhite,M,Enest
909,Noorma,Armstrrong,F,Russsell
1987,Ry,RRussell,M,Donld
494,Eic,Parke,M,Roer
363,hillip,Woodss,M,Craigg
1447,Edwarrd,Richarddson,M,Lrry
1175,Davvid,Stanleyy,M,Larence
1458,LLillian,Frnandez,F,Boby
1316,Frred,Clrk,M,Peteer
1518,Rbin,CCole,F,Samuuel
273,Juliaa,CCarr,F,Haroldd
1922,Ada,Carpenterr,M,Samuell
569,Judih,Chavezz,F,Scottt
194,Louiise,Wriht,F,Jak
281,Stepen,Sanhez,M,Chrs
394,Howardd,GGray,M,Kennet
914,Mria,Foxx,F,Charlles
670,EEarl,enry,M,Benjaminn
530,illiam,Hartt,M,Cal
739,AAnnie,Paalmer,F,JJimmy
1308,Lindda,Cartr,F,rthur
398,haron,Waver,F,Antthony
930,Nancyy,Stvens,F,Edwardd
240,Niicole,Murry,F,Hoard
1871,Je,Dan,M,Adm
3,Heater,Larrson,F,Joohn
109,Briaan,Carpeter,M,Arthuur
787,Cynnthia,Andews,F,rnest
1811,Barbaraa,Montgoery,F,Juustin
392,Kaen,Dan,F,Louuis
532,RRandy,Montgomerry,M,Gry
235,Mariilyn,Fulller,F,Edwarrd
584,Phiip,Harrisoon,M,Arthurr
1665,Ryaan,Loppez,M,MMichael
170,Daiel,Pice,M,atthew
1794,KKeith,Gant,M,Grgory
1053,Aice,Giffin,F,Gerge
112,Lauura,Dun,F,Pauul
373,Breda,ogers,F,Fredd
1255,yan,Alvarezz,M,Rooger
1108,ouis,Powel,M,Aaronn
535,Laaura,Laron,F,Raandy
1956,argaret,Riera,F,Seve
752,Russll,Pattersn,M,SSteven
587,hristine,Sis,F,andy
531,Mararet,Murrphy,F,Aaro
1293,Sarh,JJames,F,Jery
844,Jen,Garrza,F,Gregoy
797,Jmmy,Mreno,M,Josee
896,Jese,Wrght,M,Charlees
1610,Stephannie,eyer,F,yan
244,Jenniferr,Rayy,F,Kein
1677,Victr,Thomaas,M,Micael
786,Denie,Hughees,F,Toddd
1619,Shawnn,Williamon,M,PPhillip
548,Donnna,arris,F,Rogerr
1876,Lawrennce,Holme,M,Ricard
1788,Philipp,Fwler,M,Jmes
1613,Timthy,Pierrce,M,Charlees
182,Georgge,Tuner,M,Martinn
430,Daviid,Vasquuez,M,Chrs
1101,EEric,Johnso,M,Waltr
1976,Loi,ustin,F,Peer
683,Theesa,Thmpson,F,Rooy
1885,Pauula,Fulleer,F,Shaw
1544,Janne,Wheele,F,Ro
462,Emil,Alln,F,Jerremy
1852,Ryaan,Kellly,M,Hrold
1553,Jacqueliine,Sullvan,F,Douglass
1561,aria,HHarris,F,BBenjamin
1329,Reecca,Phiillips,F,Willam
514,Wand,Pery,F,Louiis
858,Kaathy,Alle,F,Ernet
780,Terresa,Waalker,F,Jams
1595,Katherrine,ones,F,Lawreence
159,DDonna,Shaaw,F,Eri
771,Bevery,Hayees,F,Jonny
432,aymond,Kenned,M,Wlter
1315,Christia,Deean,F,Frannk
1264,Christinaa,Spncer,F,Ranndy
1919,Enest,Rchardson,M,Haarold
1178,Tmothy,Freeeman,M,RRoger
1543,Raachel,Porte,F,Clarene
354,Cristopher,Arstrong,M,Thhomas
348,AAnnie,Campbbell,F,Raymod
495,Sarh,Klly,F,obert
304,Magaret,Campbll,F,Eugen
1242,Maia,Jaccobs,F,Euggene
377,Lois,HHill,M,DDonald
1681,Kthryn,tephens,F,Josep
483,TTina,Flore,F,Loui
728,Annnie,ose,F,Lary
1879,Wada,RRay,F,Jams
1565,Laaura,ernandez,F,Tod
199,Stepanie,Fisheer,F,Sea
1279,Jeffre,Ra,M,Joshuua
82,Danel,Pters,M,Craaig
1261,Pillip,Jmes,M,AAdam
396,Tin,Rui,F,Billly
1403,Jerremy,Cooleman,M,Jese
1435,Louisee,Knigght,F,PPaul
232,Scot,Wood,M,Abert
517,Carollyn,Allexander,F,Albertt
1131,AAmanda,Thompsn,F,Alaan
1215,Dianne,BBlack,F,Jnathan
692,Alie,Graant,F,Howarrd
293,Water,arza,M,Dnnis
744,Dorthy,ivera,F,Pter
539,Billly,Ricce,M,Raph
830,Kenneh,Hmilton,M,Dougls
482,Tiimothy,Murrray,M,Christpher
1990,Marthaa,Washingon,F,dam
712,Johhnny,Mrris,M,Joshu
734,Josephh,Stannley,M,ames
1824,Je,Gaham,M,Kevn
812,Judit,Baileyy,F,SScott
1292,Jan,Walkker,F,Russsell
630,Hary,Ryes,M,Marti
480,arilyn,Crr,F,Jonathaan
1528,Mariyn,Wrighht,F,Chis
1572,Karenn,Back,F,Sauel
560,Ammy,Perkiins,F,Keneth
271,Mara,Buutler,F,Charlles
1288,Jimm,Red,M,Pillip
1505,Bonnnie,Andrew,F,Carloos
248,Hward,Morri,M,Clarnce
821,An,Oens,F,Kein
731,Lauura,astillo,F,Ncholas
470,Gegory,Ramoos,M,Nichoas
717,Geerald,Reedd,M,Bobb
710,Cheryll,Ortizz,F,Shwn
1683,Ashlley,Sullivann,F,Smuel
1248,onathan,Perce,M,Smuel
845,Eic,Miiller,M,WWilliam
1330,nthony,Simms,M,Jeffreyy
1491,Susaan,Stonee,F,JJeffrey
408,Rahel,Rodrigue,F,Allan
1741,Thommas,Taylr,M,Jonahan
1254,Bily,EEvans,M,Paaul
1998,Laua,Mitchelll,F,Victtor
243,Jnice,Arnnold,F,PPatrick
1895,Mrgaret,Wod,F,Pul
1441,Jooan,Buutler,F,Richar
1592,Noma,HHowell,F,Johnn
1147,Rchel,Moorgan,F,Ryann
1924,Rosse,Daz,F,VVictor
1922,AAdam,arpenter,M,Sammuel
1059,Kely,Burk,F,aul
69,atherine,Kenedy,F,Aaroon
1923,Jacqueeline,arr,F,Albbert
1360,Irrene,Oliverr,F,Matthhew
1093,Rbert,Richars,M,Anthoy
1419,Wille,Alexandr,M,Daaniel
1036,HHoward,Gaardner,M,Ryyan
1440,icole,urke,F,RRonald
1978,Johny,Petersn,M,Pilip
262,uth,Hayees,F,Fank
801,Cathrine,ndrews,F,Jefffrey
826,Nncy,MMorgan,F,DDaniel
1525,Jenniferr,HHamilton,F,Harryy
1650,MMarie,Gome,F,Dnald
128,CCarl,Willims,M,Lawrencce
745,Katleen,Hudso,F,Jeesse
998,RRichard,Sipson,M,RRoy
1864,Rany,Turer,M,Petr
1206,Ralh,Fieelds,M,Hoard
967,Riichard,Crawfrd,M,oger
649,Phllis,Youn,F,Gerrald
1721,Larrry,Huudson,M,Gregoory
261,Lri,Gnzales,F,Seven
931,Jck,Morriis,M,Douuglas
1571,Louisee,HHudson,F,Walteer
800,tephen,Dnn,M,Jerrry
1132,AAdam,lores,M,Joshuua
1107,Mrtin,Hll,M,Waltter
1164,Geoge,arris,M,Boby
1865,amuel,Milleer,M,Philipp
1631,Mry,Moraes,F,Josepph
1043,Gaary,Griffn,M,Benjammin
707,Patick,Myer,M,Saamuel
445,Beenjamin,Grrant,M,Edwarrd
1454,JJimmy,Edwars,M,Kvin
1239,Howardd,Halll,M,Danieel
450,Billly,eed,M,Philip
1460,Matin,oyd,M,MMartin
871,Sephen,Rchardson,M,Euggene
183,AAdam,Prrice,M,Eward
1726,Brrandon,Howeell,M,Petr
1705,Saah,Frazie,F,FFred
84,Kathlleen,Hil,F,Kenneeth
1266,Tia,Mlls,F,Gregoory
148,Wnda,Lon,F,TTerry
1362,Beenjamin,GGeorge,M,Michal
939,Jud,Hwell,F,Wlter
1146,Cathherine,Jrdan,F,ames
226,PPaul,Grriffin,M,alter
1834,Phylllis,Bryaant,F,Harol
446,uth,Kellyy,F,Russeell
805,Ada,Philliips,M,Smuel
465,Diae,Richardsoon,F,Jeerry
1950,Paull,Hernadez,M,Wiliam
999,Kathhryn,Petersoon,F,Williaam
1157,Kein,Thmpson,M,Rooy
577,erry,WWilson,M,Jeffrrey
1875,Annna,Kellley,F,SShawn
1736,Jessse,Stephhens,M,Albrt
434,Lilliaan,Haper,F,Heny
1195,AAndrew,Garret,M,Jefffrey
1593,Suan,Gardne,F,ntonio
710,CCheryl,Oriz,F,Shawnn
140,Wayyne,Hnt,M,Louiss
1977,Marth,Morriison,F,Vctor
1935,Rachhel,Gmez,F,Sctt
1839,Annna,Foox,F,Miichael
1534,Jefrey,Jnes,M,Stee
298,Frak,ccoy,M,Scot
433,Eveyn,Gardneer,F,Ry
1574,Bill,Reeed,M,Shaawn
29,Jerremy,Armmstrong,M,Jimm
1398,BBetty,Booyd,F,Deennis
1989,Bett,Roose,F,Tmothy
919,Jaon,Sannchez,M,Dougls
1556,Wayn,Brton,M,Jun
1217,Stephane,Jackso,F,Andre
700,Erc,Orti,M,Jeeremy
721,Harryy,Ruz,M,artin
1356,Henr,Pice,M,Paaul
1140,Json,Kellly,M,Thmas
976,Cal,Ruz,M,Philip
1749,Lawrene,arker,M,Chritopher
596,Virgini,Cok,F,Geerald
261,ori,Goonzales,F,Steveen
1939,Annee,Bihop,F,Ear
1903,illian,Tores,F,Jonnathan
1042,Terea,Shaaw,F,TThomas
640,Karn,Snyer,F,Williee
619,Fre,Peerry,M,Antono
954,Norm,reen,F,Tomas
242,Kell,Robbinson,F,EEugene
1231,Samuell,Rid,M,Beenjamin
1537,Anddrew,DDavis,M,Peeter
785,DDaniel,Jodan,M,Hooward
667,Norm,Wrighht,F,ugene
1048,dward,GGrant,M,Thhomas
1649,SSamuel,Waver,M,Mihael
1474,Ralp,Bwman,M,hawn
1377,Ceryl,Peers,F,Hrry
95,Tmothy,Hilll,M,Joonathan
1045,Geore,Caroll,M,Nichols
297,AAlan,Brownn,M,Bily
1237,Russll,Fernanddez,M,Kevi
507,Mry,Wellls,F,Cal
256,Paticia,Andres,F,Cris
1896,Heaher,LLong,F,Waltr
686,FFred,Claark,M,Chriss
254,Virrginia,Milller,F,Crag
208,Vicor,Jackso,M,Jaason
1256,Am,Matin,F,Randyy
1120,Elizaabeth,Mitcchell,F,Bria
1160,Milddred,Reeyes,F,Geraldd
355,Peteer,Torre,M,Terrry
25,haron,Feguson,F,Waayne
1471,Judithh,Bradleyy,F,RRyan
1265,Peeter,arpenter,M,Geoorge
6,Jennnifer,astillo,F,Henrry
509,MMatthew,Clrk,M,Jaes
1419,Wiillie,Alexandeer,M,Danniel
738,Sandraa,Jonston,F,Georg
275,Wille,SShaw,M,SStephen
1206,Rallph,Fieds,M,Hooward
1976,Loi,AAustin,F,Peteer
1964,Kareen,oreno,F,Rymond
604,Hather,Foxx,F,Albrt
1348,Eugenee,Crawfrd,M,Jese
1659,Rooger,Oweens,M,Ernst
1656,Tod,Moor,M,Jerrry
592,Saa,Weebb,F,erald
311,BBruce,Huunter,M,Joee
1543,Rchel,Porer,F,larence
1564,Jlia,Gibsson,F,BBruce
792,ane,Wad,F,Geoge
986,Katleen,Romerro,F,Ryyan
1474,Rallph,Bowmn,M,hawn
150,Roobert,ay,M,DDouglas
332,Kaherine,Gonzalees,F,San
837,Marha,Rmero,F,Ear
1843,CCarol,Wilso,F,CCarlos
787,Cythia,Andrws,F,Ernestt
1100,Luis,Reynods,M,ric
1265,Pete,Crpenter,M,Geeorge
1662,Sen,Burtoon,M,HHenry
829,ori,SStewart,F,Randyy
1767,Hooward,Marttin,M,Russll
1673,Juliaa,Garci,F,Jaon
1902,Tammmy,Gonzaless,F,Benjmin
322,May,Reeyes,F,Jffrey
33,Nora,RRose,F,Anonio
300,JJohn,Frranklin,M,Frnk
1337,Nicoole,Hmilton,F,Jeremmy
1214,Taammy,Huntr,F,Richaard
1676,Debora,Willliams,F,Allbert
1888,Toddd,Ros,M,EEric
245,GGary,Stewar,M,Gay
365,Timohy,Barrnes,M,Craigg
1544,JJane,Wheele,F,Ro
71,Carll,PPeters,M,Lary
1686,Ros,Roddriguez,F,Anthoony
375,Juuan,Morrisoon,M,Ear
744,Dorthy,Rvera,F,Petter
154,Bonnnie,Ric,F,Lawrrence
950,Anngela,WWood,F,BBobby
1439,Hery,Godon,M,Joshuua
381,Davvid,Wrightt,M,Jua
1887,hillip,Fergusonn,M,Wyne
297,Aan,Brrown,M,BBilly
1514,Allice,RRay,F,EEarl
1852,Ryaan,Kellyy,M,Harolld
1483,Emiily,Maon,F,Ronal
1568,Therea,HHolmes,F,Jhnny
1618,Jery,ox,M,Jhn
157,Frred,Fowwler,M,Jun
968,enry,Mcoy,M,Phiip
593,Jaet,SSanders,F,Mtthew
1262,Raymnd,raham,M,Ronld
1549,Jan,Snyer,F,Ala
1322,Donalld,Hendersonn,M,MMatthew
904,Deboraah,Tuckr,F,Sea
237,Paaul,Fo,M,Eic
272,illie,isher,M,Jooseph
608,Susa,Hennry,F,Jaack
1388,Joeph,MMason,M,Daaniel
993,Am,Dixonn,F,Waynee
882,Louuis,Piierce,M,Alann
1343,Robinn,Elliss,F,Lary
1401,Beeverly,Hll,F,Peeter
56,Euugene,Armstronng,M,Tomas
1754,Sephen,Leee,M,Alberrt
1014,HHarold,Robinsn,M,Rlph
454,Euggene,LLynch,M,RRandy
1334,Louie,Harpr,F,Rogr
1846,Katherinne,Warrren,F,erry
645,Hether,Gonzzales,F,JJimmy
51,Henr,illiams,M,Adm
1394,EEugene,Cle,M,Rndy
722,Albeert,Ferandez,M,TThomas
565,Mchelle,Browwn,F,Jeffry
613,aren,Danielss,F,Maark
651,Jud,Milller,F,Carles
139,Lind,Grcia,F,Jeemy
583,Judiith,CCox,F,Royy
884,Jo,Moeno,M,Philllip
1205,Fran,Brnes,M,Jasn
961,Shaaron,Morgann,F,WWayne
1218,Bobbby,Willimson,M,GGerald
1815,Earrl,Rei,M,Donnald
1970,Keevin,Mlls,M,Ear
130,Brndon,Fieds,M,Stve
1621,Lawrenc,Olsn,M,Micael
1110,Jullia,RRoss,F,Rayymond
1365,HHoward,CCruz,M,Jos
522,Jse,Brrown,M,Walteer
1189,Gerad,Red,M,Ry
1085,Katheen,Perkinss,F,Timothyy
1303,Annn,Danieels,F,rnest
1555,uby,Grreene,F,Billyy
678,Michlle,Myrs,F,Jeffrrey
653,Keithh,Foser,M,Phillip
1652,Ncholas,Holms,M,Harrry
1437,Victoor,Alxander,M,TTodd
313,Judiith,Lanne,F,Ala
1637,Erneest,Kellly,M,Jseph
1999,Roe,Ry,F,Joose
50,Los,owman,F,Vctor
1475,Crlos,Gibsson,M,Danieel
1529,Reecca,Simons,F,Stevn
1600,eter,Lon,M,Larr
702,Marlyn,Coe,F,Sea
1368,Ranndy,Hiks,M,Mattthew
1034,ebecca,MMason,F,obert
238,Aron,Frguson,M,Laawrence
863,Wandaa,Paynne,F,AAntonio
1131,manda,Thompsonn,F,Ala
1713,Danel,Hansenn,M,Benjammin
61,Barbbara,Orttiz,F,Grald
1258,AAntonio,Robert,M,aul
1699,Thheresa,Halll,F,Ranndy
1786,Alic,Blac,F,Shan
402,Ro,Dea,M,Alaan
1061,hawn,RRoss,M,Phiip
828,Russel,HHolmes,M,JJonathan
1643,Crai,Robinsson,M,Ranndy
1796,JJoan,Evan,F,Crraig
1541,LLinda,Mill,F,Sammuel
1939,Ane,Bshop,F,Earrl
1032,Haold,Hnson,M,Andew
674,KKevin,ood,M,Phiip
1405,Donal,Cartter,M,GGregory
1443,Richaard,Rosse,M,Ralphh
1268,AAdam,Stoe,M,Larryy
1538,Williie,Cookk,M,Chis
62,Marth,Ric,F,Kennth
1903,Lillan,Trres,F,Joonathan
1182,TTheresa,Floress,F,Philp
1228,Theressa,Russll,F,Daaniel
1814,Boby,Wrighht,M,Robbert
1067,Michhelle,Le,F,Brrandon
1224,Albbert,Keennedy,M,Bradon
1565,Laua,Hernandeez,F,TTodd
1446,Sott,Stewrt,M,Henr
1326,Rebeccca,Coope,F,illie
1285,Kely,Washingto,F,Jerr
1397,Shwn,Robert,M,Anddrew
67,arol,Gommez,F,Jo
1578,Ernestt,ay,M,Tmothy
156,Brando,Sulivan,M,hillip
1766,Ahley,Ry,F,Carlo
1883,Heny,Chvez,M,Richhard
1844,rthur,Wrigh,M,Chhristopher
1651,Kennth,Clarrk,M,Joee
1517,Chis,Joones,M,Water
1473,Timoothy,Holmmes,M,Jutin
90,Bnnie,Hannson,F,Rssell
488,ildred,Warre,F,Euene
1537,Andreew,Davi,M,Peer
51,HHenry,Williamss,M,AAdam
1504,KKaren,Bllack,F,Timohy
1511,Rutth,Wallacce,F,Kennneth
351,Jance,Sanderrs,F,Josha
300,Joh,Frankliin,M,Fraank
1366,Kahy,Ramire,F,Jon
220,Marttha,Grene,F,Jonathaan
414,illy,KKelley,M,Ernet
101,Saamuel,Mcdonaald,M,Jeffry
1301,Sndra,Armsttrong,F,Briaan
518,Kimbrly,Harrris,F,Roge
1185,Adrew,Jackon,M,Teerry
1008,Jacqeline,Spencr,F,BBruce
504,GGloria,RRodriguez,F,Steeve
1615,Jese,Baiey,M,Rany
715,Jeean,Mattthews,F,Davd
526,Jefffrey,Wet,M,Cal
233,KKelly,Mooore,F,Jammes
1120,Elizzabeth,Mitchll,F,Briaan
1399,Anttonio,Howel,M,Mattthew
762,Milddred,Thoompson,F,JJohn
807,Larrry,Lynchh,M,Geral
1415,Antonioo,Waren,M,Billyy
1467,Karren,Wods,F,Louuis
123,TThomas,Gardne,M,AAndrew
685,Danniel,Woodd,M,Timoothy
591,RRichard,Tayloor,M,Ala
59,Loouise,Greenn,F,Charlees
438,Sra,Wattkins,F,Benamin
1556,Wyne,Burtonn,M,Jun
32,LLois,Simmoons,F,Joseh
1063,Karn,Cunninham,F,Justtin
1977,Marttha,Morriso,F,ictor
783,Lor,Alexxander,F,Antthony
214,Frrances,Stanle,F,JJerry
210,Pal,Bown,M,Philllip
131,SShawn,Sandrs,M,Adrew
356,Maryy,Tuccker,F,JJose
1884,Shirleyy,Rileey,F,Bruc
802,Greory,Moeno,M,Ryn
575,Ireene,vans,F,Scot
532,Randyy,Monntgomery,M,Gay
872,CCarlos,HHansen,M,oy
1647,Chery,Maartin,F,CChris
494,Eri,Parer,M,oger
1220,Josse,Pillips,M,Antnio
171,Craiig,Waren,M,arlos
792,Jae,Wardd,F,Gerge
1921,Jonthan,awkins,M,Rogger
1350,Anniie,Hanse,F,Ronad
31,Lura,Brdley,F,Fran
1770,Grgory,Elllis,M,Bian
301,Dennise,Dun,F,SShawn
1519,Geraald,Wiilliamson,M,Jan
495,Srah,Kell,F,Robeert
779,Denni,Matthewss,M,ose
639,Doriss,WWhite,F,Charls
1091,Shwn,Howeell,M,Carll
1946,Lilliian,Wagnner,F,Philip
1980,Mildrred,Alexaner,F,Gregry
864,Biilly,hompson,M,Maatthew
1807,Juli,Mitchel,F,Keneth
1849,Angella,Fisherr,F,Craiig
1728,Jmes,Danielss,M,ric
890,Jamess,Pric,M,Albertt
1737,Thoas,Simmon,M,Atonio
725,ancy,Media,F,Keit
390,Stepphanie,Bery,F,Antoniio
0,Chritopher,Gra,M,Andrw
707,Patric,Meyerr,M,Sammuel
825,Saron,Carpentter,F,Timoth
77,Jackk,RRoss,M,Steve
393,Emil,Stanleyy,F,JJerry
203,Loui,Rosss,M,Wallter
310,EEmily,Morles,F,Peteer
1869,Andre,Siimpson,F,Charlles
1630,Jhn,Woodd,M,Tdd
107,MMichael,BBrown,M,DDaniel
529,Kennet,Dunan,M,JJesse
1096,Maark,Ngguyen,M,Smuel
1069,DDiane,Reeed,F,teven
1082,JJack,Williamso,M,Briian
436,Lis,Haamilton,F,Jos
869,Janne,Cok,F,Mattew
177,Toddd,Hrris,M,Williie
736,Brrenda,Bel,F,SStephen
1572,Kaen,Blck,F,Samuell
405,Fran,RReynolds,M,Fed
1326,Rebcca,Coopeer,F,Williie
637,Kennneth,Ortiiz,M,Brando
1922,dam,Carpeenter,M,Saamuel
842,aria,wens,F,Arthu
1408,Markk,Patteerson,M,Sammuel
44,Calos,Banes,M,SSean
661,MMartha,Walke,F,Niicholas
1960,eter,Wlch,M,RRyan
1139,CCarlos,Wood,M,Robeert
951,Rbin,Welcch,F,KKeith
1593,Sussan,Gardneer,F,Antono
1580,Teres,Olivr,F,Carloos
1208,Davidd,Gutirrez,M,Jnathan
1663,arlos,Campbbell,M,Victo
1522,Andra,JJohnston,F,Kennneth
4,Jak,Peter,M,Fran
1260,Philllip,Clarkk,M,Adm
429,Wilie,Vaasquez,M,Ralh
1493,JJoyce,ewis,F,Phlip
1641,Teres,Snnyder,F,Dnald
650,NNorma,Mendozza,F,Chharles
1291,isa,Hics,F,Fredd
964,Sharn,Bannks,F,Rndy
424,Kahy,Burs,F,Ronaald
427,Paricia,unter,F,Raymonnd
958,JJoe,Robert,M,Jeesse
1283,Niccholas,Haarvey,M,Josha
1497,RRyan,SSimpson,M,Justinn
823,MMartha,Kinng,F,Jooe
1434,Willi,Mitchelll,M,Chriis
1306,Mrk,Aams,M,Danniel
754,Ronal,Peter,M,Teerry
543,SSara,Marrtinez,F,Daaniel
368,Stephhen,Braley,M,Bily
120,Mariee,Baile,F,Wiillie
1223,Jamees,oberts,M,atrick
344,Theesa,amilton,F,Json
1756,Jackk,Gardneer,M,ichael
1930,Mari,Anrews,F,Henryy
220,Marha,Greeene,F,Jonthan
289,Bonnnie,Deann,F,JJuan
1102,Marilynn,Jons,F,Billly
1190,Alber,Franlin,M,Gregoryy
1533,Christinee,Arold,F,Edard
162,elly,Garrettt,F,Briian
121,Gloriaa,ohnson,F,RRobert
1654,Timothhy,Kiim,M,Chrisstopher
160,Bevely,Cuningham,F,Aarron
766,Christinee,Washinton,F,Paaul
853,Caarol,Stephenns,F,SScott
1412,Saa,Pice,F,Howward
1929,Lawwrence,Nelsson,M,Arthhur
292,Louis,Buttler,F,Mtthew
759,nne,Holme,F,Fed
621,Diae,Duunn,F,BBrian
1289,Tiina,Wallaace,F,Waalter
414,Biilly,Keley,M,Erneest
1238,Kathrine,atson,F,Aaroon
32,LLois,Siimmons,F,Josephh
1483,Emmily,Mson,F,onald
1780,Kimbberly,Weave,F,erry
969,Paulaa,ray,F,Donalld
544,Benjamn,Holme,M,Jaso
23,TTodd,Hal,M,Michal
1926,Donnaa,Gozalez,F,ose
127,Niccole,Brton,F,Kennneth
1409,Steephen,orris,M,Jessse
198,RRandy,Jenkns,M,Bruc
925,Mari,Roggers,F,Albbert
1118,Jenniffer,arrett,F,Jos
822,Greory,Gaarrett,M,Bill
1632,JJeffrey,Huntt,M,Edwarrd
469,Davidd,Fx,M,Andrw
619,Frd,Perryy,M,Anonio
191,EEarl,Rooss,M,Lawreence
1739,Jefrey,Lopz,M,Nichholas
1608,TTimothy,Morrisn,M,Gaary
1379,ohn,Lawwson,M,Erc
1487,Sauel,Bnks,M,larence
972,Franes,Rommero,F,Carrl
840,Marlyn,Wagne,F,Nichoas
1251,eith,Matthewws,M,Lois
1088,Dorohy,FFranklin,F,Geoorge
922,Angla,Wagnner,F,Wllie
529,Knneth,Dunan,M,Jese
1563,Anthonyy,Gacia,M,Steephen
1378,Henrry,SSmith,M,Stevve
1219,Ronalld,Lopeez,M,Car
393,Emiily,Staanley,F,Jerryy
926,Doulas,PPeters,M,Timoty
938,Patric,Tayllor,M,Ralphh
814,Taammy,Scottt,F,Ryyan
720,Chrristine,heeler,F,Jnathan
677,oseph,Giibson,M,Timoothy
506,Margret,Huntr,F,Alann
1961,Juli,Lawrrence,F,Antonioo
549,Wane,LLane,M,JJack
1385,Timoth,enkins,M,Willliam
511,Joycee,HHarvey,F,Waler
119,WWanda,Kinng,F,Rogerr
1055,Robi,Staanley,F,Doglas
498,Jen,Gardneer,F,Crl
1234,LLillian,PPerez,F,Willia
499,Henryy,Grray,M,Grald
1738,Patric,Snyderr,M,Josephh
637,Kennet,Orrtiz,M,Brandoon
845,Eri,Milller,M,Willam
628,MMarie,Vaquez,F,ussell
1495,Patriicia,Hdson,F,Rallph
1618,Jery,Cx,M,Jhn
949,Braandon,BButler,M,aron
196,Steeven,AArnold,M,Aam
1282,Daiel,Owns,M,Willlie
38,Steeve,Stepheens,M,Wane
1973,Aliice,Kniight,F,Shwn
1937,Viirginia,Wech,F,Buce
590,Glloria,Hnson,F,Wiliam
1938,Jan,Harveyy,F,Crl
1473,Timothhy,Holmmes,M,Juustin
1745,Jlie,Porer,F,Hrold
280,Briian,Wech,M,Steen
534,Erric,Wbb,M,Boobby
503,Pammela,erry,F,Louuis
169,Emil,Mitchel,F,Victorr
799,Josephh,Fostter,M,Scottt
342,Juliaa,Rodiguez,F,Alberrt
758,AArthur,Loppez,M,Lawrencee
1924,ose,iaz,F,Victo
1905,DDiane,Haart,F,Christophe
56,Eugne,Arstrong,M,Thommas
16,Edwad,Ruizz,M,Ramond
1676,Deborh,Willliams,F,Albrt
58,ynthia,Whitee,F,Pter
941,Benjmin,Olver,M,Philipp
1085,athleen,Perins,F,imothy
86,Rooger,Burtn,M,Thommas
915,Maary,Diazz,F,arl
136,Anrea,Carer,F,Daniiel
1106,Albbert,Medinaa,M,Erric
1331,Andrrea,Howelll,F,Brucee
414,illy,Keelley,M,Ernesst
1066,Eddward,Moales,M,JJerry
1204,Jerey,Bisshop,M,Gregor
1671,hirley,night,F,Sott
1194,Stevven,Graaham,M,Jasonn
219,Diiana,ole,F,Caig
1791,Liillian,Portr,F,Sen
1771,Allan,Blak,M,Seve
380,Ryn,Arnoold,M,Harrry
1197,Larr,Saanchez,M,WWayne
1855,Deennis,Harriison,M,Roonald
1572,aren,Blackk,F,Sauel
54,Kevi,Rosss,M,Raandy
1009,Kellly,Specer,F,Larrry
1231,Samuell,Red,M,Benjmin
1985,Jessia,HHarvey,F,Seaan
1294,Theres,lvarez,F,Stephenn
1874,Lawrrence,Clak,M,ichael
1323,Frak,Wever,M,Antoniio
1453,Jaason,avis,M,Peteer
1171,Williie,rown,M,Pauul
486,Asley,Andderson,F,Keenneth
544,enjamin,Holme,M,Jasonn
750,Ryn,Robertsson,M,Seean
244,Jenifer,Raay,F,KKevin
1117,Maie,Pattterson,F,enneth
223,Dona,Meer,F,Jeffreey
1675,SSean,Marrtin,M,Chriis
467,SSteven,Fuler,M,Terrry
144,JJack,Fernandezz,M,Addam
1064,WWayne,Perkin,M,Frak
613,Kaaren,Daniells,F,Mar
791,Emilly,Grraham,F,ruce
1763,Lillan,Rse,F,Stteven
1499,Aice,ason,F,Grregory
1916,Amandaa,Rchardson,F,Jmes
1776,Iene,Freemaan,F,KKenneth
1086,Mrk,Brns,M,Johnn
556,Wiliam,Fooster,M,Riichard
472,Anndrew,Hiccks,M,Tiimothy
1076,alph,DDiaz,M,Philp
324,Rahel,Waalker,F,Kennneth
1487,amuel,Bank,M,Clarece
1731,Gry,Bel,M,Paaul
1804,Cynthiaa,Austinn,F,Shhawn
226,Pauul,Griffinn,M,Walte
1782,Rub,Moren,F,Louiss
72,Jasson,Hrvey,M,Randdy
1577,ori,Saw,F,ennis
1819,Joshuua,Johnon,M,Eic
351,anice,anders,F,Joshuaa
834,EErnest,rtiz,M,Russsell
1412,ara,Priice,F,Howar
364,Benda,Ryes,F,Phhillip
631,tephen,Harrion,M,Stehen
849,Jeffey,Jorda,M,Smuel
909,Noma,Armsrong,F,Russsell
737,lbert,RRichards,M,Charlles
899,Alie,Freeeman,F,Wayyne
1994,Saamuel,Stonne,M,Patric
1797,RRachel,Hannsen,F,Jon
1179,Emil,Hawins,F,CChris
527,Stve,MMoore,M,Rogeer
1105,Sanddra,Stanly,F,Bbby
519,Willam,Olsoon,M,Raymonnd
1297,Asshley,Ramirz,F,Keviin
985,Amyy,Wiillis,F,Stev
1616,erald,Staanley,M,Caig
620,Teerry,Paayne,M,Clarennce
1465,Joycce,Carer,F,Justiin
705,Saa,Medin,F,Rogerr
331,RRose,Stevvens,F,Jimmyy
151,Abert,Waton,M,aul
1905,Dianne,Har,F,Chhristopher
1736,Jessse,tephens,M,lbert
1897,Bobb,Garciia,M,FFrank
476,Juddy,Longg,F,Randyy
1661,Eriic,Perkin,M,ayne
64,Roonald,pencer,M,Arthu
1672,Waltr,Montgommery,M,Jaack
12,Joe,Wagnr,M,SShawn
856,Paaula,Ryn,F,Steen
1721,Larr,Huudson,M,Gregoy
746,Sar,Stephen,F,Donaald
1384,Allbert,Johnsonn,M,JJoe
1536,atthew,Mils,M,enneth
1356,HHenry,Pric,M,Pul
1623,Ay,Ston,F,Harod
1615,Jsse,Baile,M,Randdy
765,usan,Gilbrt,F,Boobby
1511,uth,Walace,F,Kennet
959,JJean,Weells,F,Ronalld
435,Roonald,Cuningham,M,Davd
1395,Timothhy,Coeman,M,Harryy
234,Paulla,Jorddan,F,Jefrey
1097,Marrtha,LLane,F,TTodd
1551,hyllis,Mrrison,F,Crraig
1955,Nrma,Maon,F,HHenry
471,nna,Frankln,F,Bandon
1912,Judth,Booyd,F,Wiillie
1573,Paatrick,Kin,M,Erric
1975,Bandon,Holes,M,JJoseph
63,Judithh,ims,F,Jo
401,Meissa,Neson,F,Miichael
603,Erest,Car,M,Michhael
757,Stevn,Bailley,M,Mathew
931,Jacck,Moorris,M,Doulas
1456,Francees,Harvy,F,Antthony
550,Stepen,Fller,M,Walterr
316,Louisee,Bakker,F,Joshu
716,Chriis,Fowlr,M,Shan
1181,Emil,Reeid,F,Victorr
829,Lorii,Stewwart,F,Rady
817,Diiana,Lopz,F,Jeffrrey
1769,Saraah,Graay,F,red
360,CCarolyn,Dixoon,F,Adaam
287,Teresa,Danels,F,Howaard
389,Arrthur,HHarvey,M,Larryy
1333,Katthryn,Wlls,F,Laarry
1550,Joshu,Log,M,Howrd
512,Reebecca,Hick,F,LLouis
903,hirley,Kelle,F,Arthu
1648,Aice,Welcch,F,Garyy
1768,Janne,Kennnedy,F,Erc
342,Juliia,Rodiguez,F,Albbert
196,Steveen,Arrnold,M,Adm
87,Jule,ruz,F,Addam
1983,Rby,Gomeez,F,Jese
793,Louiis,Hughs,M,Ricchard
189,Justi,Wiliamson,M,PPhilip
68,Hlen,raham,F,Rallph
148,Wand,Lng,F,Terryy
1821,hawn,Cartter,M,Jonathn
1165,Edwaard,Hal,M,Joose
1054,Thheresa,Simmoons,F,ruce
1336,Bruc,WWelch,M,Billyy
803,Anie,Bery,F,BBobby
30,Rachhel,Wight,F,Frred
1103,JJanet,Frazir,F,yan
1747,Andrw,Reynold,M,Ryn
771,Beverlyy,Hayees,F,Johhnny
1089,Kmberly,Fores,F,Freed
1417,Jenifer,RRoss,F,Bian
1979,CCraig,Monntgomery,M,Claence
202,KKelly,SStone,F,Annthony
1119,Reebecca,PPerry,F,Charls
974,Michae,Da,M,Jese
1923,Jacquueline,arr,F,AAlbert
1998,Laua,MMitchell,F,ictor
197,Barrbara,Stewaart,F,Adamm
1935,Racheel,Goomez,F,Scottt
1265,PPeter,Capenter,M,Gerge
207,heryl,Lason,F,Thommas
1869,Andea,Simpon,F,Charlees
1532,SSamuel,Peterss,M,Rndy
1736,Jeesse,Stephen,M,Alert
1047,JJeremy,Freemman,M,JJohn
1583,Roer,Renolds,M,Frak
538,Ammanda,Gilbbert,F,Georrge
763,Maia,Diz,F,Samel
65,TTodd,erry,M,Stevven
865,Jammes,ard,M,Keiith
420,Jannet,Wgner,F,Thoas
1657,Tinna,Bery,F,Earrl
1752,Lawrenc,Garz,M,KKenneth
551,Sharonn,Flres,F,Doouglas
1810,Stepphen,Washingon,M,CCarl
1389,Loi,Sulivan,F,JJose
153,Sar,Mller,F,Jerrry
1395,TTimothy,Cooleman,M,Harr
216,Kathyn,HHansen,F,EEric
288,Adm,Rileey,M,Howaard
983,Sawn,Castilloo,M,Sen
231,Benjain,Rse,M,Nichoolas
1481,Eal,Wallae,M,Fed
178,Anthoy,Sulllivan,M,Shwn
1891,Mattew,HHenderson,M,Royy
1387,Mariee,GGomez,F,Ryann
1798,Brendda,Buurton,F,Martn
1988,Tia,Marshalll,F,tephen
282,Nanncy,Jonees,F,Ruussell
906,Margret,Moran,F,esse
1730,illy,Frannklin,M,Stven
680,Mar,ing,F,Walterr
973,Cattherine,Wrightt,F,Chhris
368,Stephenn,Badley,M,Bily
1710,Timohy,FFowler,M,Jeremyy
1674,Heelen,radley,F,Aaroon
1063,Kaaren,Cunningam,F,Justtin
309,ouis,amos,M,Aron
1854,Juy,OOrtiz,F,JJoe
381,Daviid,right,M,JJuan
423,Walteer,Capman,M,NNicholas
78,Marttin,Wilsoon,M,Jams
1380,Boby,Knighht,M,esse
1803,Patrricia,Hendderson,F,EEarl
1745,Jlie,Porer,F,Harld
428,Doouglas,Bihop,M,Anndrew
1451,Pamella,Pillips,F,Keviin
1969,Waanda,Nelsoon,F,ugene
167,Nora,Robertsn,F,Jacck
1104,SStephanie,Payn,F,Justi
832,JJuan,RRussell,M,Phiillip
1127,Noma,Lyynch,F,Dvid
107,Michhael,Broown,M,Daniiel
239,Tersa,Stne,F,Gar
43,Seaan,Grdner,M,Jaso
311,BBruce,Hunte,M,Jo
1485,ancy,Speencer,F,Waayne
1416,Frnk,ox,M,Erc
1078,Water,Knigt,M,Philiip
209,ara,Perrkins,F,Denni
1658,Brucce,Saw,M,Terrry
516,Jon,Wheeleer,M,Pattrick
1501,Benjaminn,Muray,M,Donalld
581,uby,rice,F,Haarold
1989,etty,Rosse,F,Tiothy
52,Jnice,Dea,F,RRaymond
881,Donal,Olivr,M,Adrew
339,Wilie,Gren,M,Rayond
1096,Mak,Nuyen,M,Samuuel
1530,AAnnie,Dy,F,onathan
1658,Buce,SShaw,M,Tery
1113,Mrgaret,Simpsn,F,Jeremmy
1004,Mrtin,Coook,M,Phllip
589,Lrry,Brton,M,Earrl
1355,Juy,Daniel,F,Wlliam
1374,SStephanie,Gra,F,enneth
203,LLouis,RRoss,M,WWalter
1100,Louiis,Reynols,M,Ericc
1870,ina,Stnley,F,WWayne
607,Earrl,Gonzaleez,M,artin
1957,Jeemy,Caarter,M,Charrles
535,Laurra,Larsson,F,Raandy
746,ara,Stphens,F,Doald
49,Victo,Reynods,M,Thmas
1649,Samuell,eaver,M,Mchael
1610,Stepphanie,Meye,F,yan
290,Keneth,Siims,M,SSamuel
780,Tersa,alker,F,Jmes
1033,JJoe,Dixn,M,Raymnd
956,Jereemy,RReynolds,M,Pauul
1609,Erneest,ittle,M,Wlter
1407,Charle,ooper,M,Wyne
981,Kareen,Howelll,F,Jshua
1057,Marrilyn,Sith,F,hilip
753,Kennetth,CCarr,M,RRaymond
1602,Joshu,Hughs,M,Rober
1965,Roobin,Huntt,F,Garyy
611,Jeffrrey,Mndoza,M,JJames
978,NNicole,Mongomery,F,Josua
1277,Rebecc,Longg,F,KKenneth
886,Anhony,WWeaver,M,Bily
1225,JJonathan,Paatterson,M,Richardd
1402,Clarennce,Frzier,M,Teerry
1310,alter,Wison,M,Cris
436,Lsa,Hamiltn,F,Jos
426,Joshhua,Poell,M,Lawrene
222,Rusell,MMorrison,M,Allan
1760,Wannda,Anderon,F,Aam
350,Sanda,Schmiddt,F,Eugen
618,RRussell,Rosse,M,Kennetth
1800,Jenniifer,Fwler,F,Lawrece
120,Mrie,Baily,F,Willi
1962,Robn,Armstrng,F,Arthr
1592,Normma,Howel,F,Johhnny
1905,Dane,Har,F,Christpher
89,Mildredd,Wod,F,Haold
164,enneth,Griffinn,M,Joshhua
352,Crlos,Willamson,M,odd
181,Doriis,omez,F,Jeesse
1563,Antthony,Garca,M,Stepphen
993,AAmy,Diixon,F,WWayne
1692,ngela,Lewi,F,Wllie
1278,Erric,Lewiis,M,TTerry
478,Crl,Mconald,M,Jeffey
1323,Frak,Wever,M,Anttonio
422,Nanccy,CCooper,F,Terr
567,arilyn,Spener,F,Jeffreey
1570,Fank,Hughhes,M,Jeffreyy
42,Barara,Stewrt,F,Heenry
413,Amana,Haart,F,Jiimmy
1274,Karenn,arroll,F,Fredd
744,Dorohy,Riera,F,Peeter
41,Dine,oung,F,Geoorge
217,Chhristopher,Cru,M,Phlip
1084,Ireene,Ree,F,HHenry
439,Tammyy,oore,F,Dnnis
1666,Evely,Mendoz,F,harles
1318,WWillie,Grza,M,Geeorge
1350,AAnnie,Haansen,F,Ronaldd
63,Judth,Sms,F,Je
811,WWalter,Jcobs,M,Ernes
83,Allan,Wlliamson,M,eter
1323,Fraank,Weave,M,AAntonio
1549,Jon,SSnyder,F,Alaan
808,Jonatan,Alexandder,M,Kith
1030,Jyce,Fowller,F,Richrd
946,Erric,HHoward,M,Frnk
684,Sharoon,Jacksson,F,Petr
369,Johhn,Gnzales,M,Jessse
74,AArthur,Rairez,M,JJoe
771,Beeverly,Haye,F,Johny
1837,Tamy,Larsson,F,uan
1420,Brrian,unt,M,Philli
482,Timohy,MMurray,M,Chhristopher
1073,Larryy,Lanne,M,Keeith
1278,ric,Lewiis,M,Tery
1587,nthony,Oson,M,Calos
1851,Eizabeth,Loppez,F,Jeesse
879,Lilliian,Howelll,F,Adm
1798,Brend,Brton,F,Martn
1452,Nncy,Romer,F,Nicholaas
1482,Nicolee,Fx,F,Keviin
285,Patrrick,Huntter,M,Briaan
1333,Kathrn,Wlls,F,Laarry
1789,Mara,Joes,F,Roer
1911,Ruuth,Fosterr,F,Richarrd
711,Keitth,Tores,M,Peterr
1624,Ammy,Grahm,F,Russsell
71,CCarl,PPeters,M,Lary
1860,Thoas,Lews,M,Ran
1271,Kiimberly,Hernandezz,F,Caig
412,Robbert,Bery,M,enneth
1918,Breenda,RRobertson,F,Willi
1309,Josep,Coe,M,Chrs
403,Lllian,EEllis,F,Michal
474,Barara,BBell,F,Pete
889,Juulie,Murrray,F,Eugee
175,Pula,Knightt,F,lbert
448,Stephannie,Gonzale,F,Jeesse
809,Lorii,tone,F,Brruce
694,Laur,Sttewart,F,Erl
398,Sharron,Weaer,F,AAnthony
1233,Carll,Harveey,M,Brando
1083,Antthony,Reynoldss,M,Samuuel
251,Hrry,Wriht,M,AAdam
439,ammy,Moorre,F,Denis
320,May,ane,F,Eugeene
1272,Carloos,Sith,M,Shawnn
1216,Paaula,Jenkns,F,Frankk
471,Ana,Frankklin,F,Brndon
230,Jefffrey,Hcks,M,Riichard
308,LLinda,Portr,F,amuel
1909,Donaald,Hwell,M,Howar
1440,Niicole,Burk,F,Roonald
675,Annn,BBaker,F,Frred
1212,ichelle,Syder,F,Rooy
1719,Harryy,GGreen,M,Benjaamin
676,Douglass,CCox,M,Paull
846,Richaard,HHart,M,Daviid
111,Janeet,Hendersn,F,Ronld
1345,Joycee,Walace,F,Jsse
1916,Amandda,Rihardson,F,Jame
1831,Chrisstina,Elliot,F,Ro
1142,teve,Hlmes,M,Aaaron
637,enneth,rtiz,M,Brando
1799,Riichard,Powwell,M,Freed
1821,Shwn,Carteer,M,Jonathann
1235,Seven,WWilson,M,Victoor
694,Lauura,tewart,F,Earrl
1493,Joce,ewis,F,Philiip
527,Stevve,Moorre,M,Rger
912,Samuuel,Wrigt,M,Philip
367,Debrra,Sttanley,F,Justi
1785,ichelle,Lnch,F,Bruc
239,Teesa,Stoone,F,ary
417,orma,Caarpenter,F,Phhillip
254,Virrginia,Milller,F,raig
769,atrick,Moorales,M,Gregoory
505,JJerry,Owes,M,EErnest
185,Davi,ustin,M,Bradon
7,Edwad,Mcdonalld,M,Ncholas
1541,Lindaa,Millls,F,Samue
1917,Judiith,Olivver,F,Artur
1558,DDoris,Biishop,F,Hward
1411,Timotthy,Hughees,M,Chis
1053,Allice,Grifin,F,Gorge
1622,Adamm,Hamlton,M,Fraank
678,Mihelle,Myerss,F,Jeeffrey
674,evin,Woood,M,Phili
1612,Rutth,Coper,F,Pete
37,Freed,Millr,M,Rany
1425,Louuise,Willias,F,Martn
328,Sharron,Daniiels,F,Nichols
1121,Hennry,GGreen,M,Jaon
1174,ruce,Dunan,M,Brucee
985,Ammy,Wilis,F,Steeve
1168,Russelll,Grahm,M,cott
741,Niicole,Kenneedy,F,Thommas
218,Maark,Beennett,M,Jimmyy
1535,cott,Hnry,M,Crlos
1531,Judiith,Robeertson,F,Charle
541,LLouise,Hooward,F,andy
10,rene,KKim,F,Annthony
979,rnest,Frazieer,M,Mar
1819,Josshua,Johnnson,M,EEric
1761,An,Harrion,F,Charlees
1149,Anttonio,Andreews,M,Jeffey
1949,rene,Alvrez,F,Pal
1314,Mari,Snydeer,F,Earrl
315,Judth,Alvarrez,F,RRonald
255,Pammela,Montgmery,F,Json
1957,Jeemy,Cartr,M,CCharles
1193,Bruc,AAdams,M,Doald
848,Arrthur,Dxon,M,ric
450,Bily,Red,M,Phillipp
1089,Kmberly,FFlores,F,Frd
1566,Waler,Myer,M,Jutin
1543,Rache,Porer,F,Carence
966,mily,SStanley,F,Rand
302,Jaso,Murrray,M,Dvid
88,Michaell,Palmr,M,Bruc
128,Cal,Wiliams,M,Lawrece
1134,Frrank,homas,M,Robrt
1743,velyn,Sone,F,Timmothy
1317,Chhristina,Mccoyy,F,ose
605,Ruuby,WWalker,F,onald
1164,Gorge,Haarris,M,Bobbyy
1396,Lawrencee,oore,M,Bily
1135,Harol,Roero,M,RRoy
944,Rachl,Wilso,F,Joh
1340,Kath,RReed,F,Albeert
601,ane,Lawrennce,F,Ralpph
109,Briian,Crpenter,M,AArthur
1106,Alber,edina,M,ric
1897,Boby,Gacia,M,FFrank
431,Richrd,Harvvey,M,Lary
582,Angeela,Dun,F,Bily
1106,Albeert,MMedina,M,Erric
656,Russelll,Wheeeler,M,Jffrey
1512,shley,Pierrce,F,Branndon
1319,Sandrra,MMontgomery,F,Aam
727,Eugenne,Frazierr,M,Roert
1951,ean,TTorres,F,Bradon
361,Ane,Hrt,F,Philliip
1350,Anni,Hnsen,F,onald
1562,Pauula,Palmr,F,Bandon
1464,Evlyn,Wtkins,F,Christoppher
184,Jacquelinne,Sllivan,F,Adaam
1957,Jerey,arter,M,Charlees
1450,Nichlas,Miiller,M,Douuglas
489,Dougglas,Myer,M,Aln
1103,Janeet,razier,F,RRyan
1526,Amnda,Buns,F,lbert
1200,Jessiica,Montgoery,F,RRalph
1719,Harr,Greeen,M,Benjjamin
599,Anie,Deaan,F,Sen
44,Caarlos,Barrnes,M,Seaan
307,Bennjamin,MMeyer,M,Atonio
518,Kmberly,Haris,F,Rooger
1052,Jusin,Dun,M,Terryy
1739,Jffrey,Lopeez,M,Nichholas
1029,Rany,Larsonn,M,Michae
1038,Ashly,Mooe,F,oe
1041,Stteven,Moor,M,erry
1696,Rogger,BBradley,M,Rady
581,Rubby,Prrice,F,Harrold
1267,Phiip,Orrtiz,M,Josshua
852,Aaronn,nderson,M,Bruuce
141,Kathherine,Banes,F,erald
547,Dorthy,Broooks,F,ohn
1714,Kathlee,Cle,F,Tiothy
1866,Eaarl,Field,M,BBrian
1158,EEarl,Ngyen,M,Chrs
286,Chriistina,Chpman,F,AAndrew
905,Nany,Aams,F,RRoger
1829,Kahy,Frnandez,F,Larr
199,Stephannie,Fissher,F,SSean
1539,ichelle,Jaacobs,F,Richardd
236,Clarece,RReid,M,Jshua
838,Willam,Foord,M,Josep
237,Paull,Foxx,M,Erc
1013,Eliizabeth,Howelll,F,Haarry
1923,Jacquelinee,Carrr,F,lbert
720,Cristine,Wheeeler,F,Jonathn
1484,MMary,Bishoop,F,Doglas
1345,JJoyce,Wllace,F,Jese
1997,Aam,Washingtton,M,Stve
94,Joshu,Armsrong,M,Dvid
1221,Ala,Nguen,M,Georg
672,Maarilyn,Hansoon,F,randon
436,isa,Hamiltton,F,Jse
1310,Waltr,Wiilson,M,hris
920,Matha,Walkeer,F,Annthony
971,Jne,RRichards,F,Sctt
1664,Tamy,ampbell,F,Doald
937,ynthia,CClark,F,Wilie
1614,Lawence,Steevens,M,RRussell
1383,enry,Fieds,M,Chhristopher
274,Rebeccca,iley,F,JJeremy
629,Amana,Lawsonn,F,Wayyne
897,Micael,Morrisonn,M,Anthoony
1136,JJudy,Roggers,F,Hary
1444,Cynthi,Garrrett,F,WWillie
652,Terrry,Simpsonn,M,Arthhur
1748,Mlissa,Elliis,F,Jaso
23,Toddd,Haall,M,Michae
1635,Kathlleen,Hansonn,F,AAlbert
1788,Phili,Fowwler,M,JJames
1831,Christinna,Ellitt,F,Ro
63,udith,Simss,F,Jo
689,Lis,Evanns,F,Jimy
925,Mara,Rgers,F,Albrt
1547,JJeremy,Hamiton,M,Kein
1276,Kathlleen,Austi,F,Johnn
1530,Anne,Daay,F,Jonathhan
1731,ary,Bll,M,Paaul
1552,Kmberly,Rivea,F,Doulas
1995,Ann,Edwardss,F,Waltr
749,Kren,Peerez,F,Victr
257,Janicee,WWest,F,Brandonn
726,Pula,Warrenn,F,RRonald
1116,Ncole,Danies,F,RRichard
548,Dona,arris,F,RRoger
751,AAdam,Jmes,M,JJason
1808,Sussan,Greeen,F,Phillp
339,Wilie,Gren,M,Raaymond
1307,Marry,Steephens,F,Georrge
1640,Craiig,PPrice,M,Patriick
1508,Matin,Murphhy,M,rthur
1257,aria,Baaker,F,DDonald
294,AAlan,Kennnedy,M,Harrry
213,Karn,Tompson,F,oe
1575,Stevenn,Rile,M,Rogeer
250,Jennfer,Tayor,F,Jasonn
1581,Teres,Km,F,Anthoony
1334,Louisee,Haper,F,Roer
1927,Hery,Mendoa,M,Brrandon
352,Carls,WWilliamson,M,odd
1965,Robiin,Huunt,F,ary
123,Thoms,Gardnner,M,Anrew
1116,Nicoole,Daniel,F,Rchard
289,Bonne,Dan,F,Juaan
1814,Bobbby,right,M,Rober
617,Parick,Bishoop,M,oger
246,Juulie,Haall,F,Juann
536,Eri,Jacksn,M,Donal
1105,Saandra,Sanley,F,Bobb
506,Mararet,Huner,F,Aln
341,Rger,Fores,M,Wallter
463,JJohn,Dxon,M,arl
1925,Chriis,Spenncer,M,Toddd
174,Ammy,Bishoop,F,Alert
1300,JJack,Peterss,M,oe
1607,Sarra,Bshop,F,Jessee
1832,Rger,Evvans,M,Jessse
1798,Brend,Buron,F,Marrtin
1850,Thersa,cott,F,JJohn
526,Jefffrey,Weest,M,Cal
1604,Jerrry,Gonnzales,M,Sephen
28,SSarah,Walkerr,F,Wille
1640,Crraig,rice,M,Patricck
1363,Timoth,Hakins,M,Steephen
1458,Lilian,Fernandz,F,Bobbby
1876,Lawence,Hollmes,M,Ricchard
1465,JJoyce,Carer,F,Jstin
733,Irenee,Reedd,F,Walteer
314,Doouglas,Prry,M,Lawrenc
732,Lilllian,Armsrong,F,Jeremmy
1767,Hoard,Marin,M,RRussell
782,NNicole,Colemn,F,Rogger
855,Ricard,Orttiz,M,raig
1013,Elizbeth,Howwell,F,Harrry
1352,Jenniifer,Butle,F,Ernst
253,Marthha,PPerez,F,Jacck
331,Roe,Stvens,F,Jimy
479,Patrcia,Anderrson,F,Douuglas
1710,imothy,Fowle,M,Jerey
1328,Marrilyn,Henr,F,Harr
623,Henrry,Sulivan,M,Davd
1669,Philllip,Scoott,M,Chri
1979,Crraig,Moontgomery,M,CClarence
1567,Waynee,Alvaarez,M,ean
1314,Mariie,Snnyder,F,Eal
1468,Brce,Lawrennce,M,Geral
1400,Jacck,Ngyen,M,Brucee
1154,Ireene,Boowman,F,HHoward
1621,Lawrene,Ollson,M,Mchael
1737,Thoas,Simmonns,M,Anntonio
1421,Pter,Olsonn,M,Harrry
416,Russeell,Raos,M,Timothhy
568,JJanice,ynch,F,Carrl
521,Mihael,Carpenteer,M,Rger
100,Antonioo,Lawon,M,Georgge
312,Margaaret,Sppencer,F,Mtthew
1847,Kimbery,CCarr,F,onald
508,Ernestt,Myes,M,Jimmyy
898,Donaldd,DDaniels,M,dward
1511,Rut,allace,F,Kennneth
1492,Brendda,Myyers,F,Crl
931,Jak,Moorris,M,Dougls
982,Kthy,Pierc,F,Ernesst
271,Marria,utler,F,Charlles
1825,Cyntthia,Hernnandez,F,Jasonn
161,ohnny,Yong,M,Seven
1423,Ronnald,Williamsonn,M,Jonathhan
1449,Smuel,HHall,M,Jua
534,Erric,Webbb,M,Boby
168,Jaice,Haarrison,F,ennis
1703,EEric,llis,M,Carence
1691,Jse,Elllis,M,Antony
1349,Andrrew,Carpenteer,M,Eugen
807,Lary,Lnch,M,GGerald
1715,Anela,Ryyan,F,Marrk
1582,Jonnathan,Guierrez,M,Donad
1746,ean,Huter,M,Shawwn
1394,Eugenee,CCole,M,Ranndy
748,Doonald,Bradey,M,Bruc
163,Charls,Thoomas,M,Sephen
854,Christophher,Grifffin,M,Frd
1006,Wada,Sanchz,F,Willlie
143,An,FFranklin,F,Pilip
965,Alann,Hughess,M,Maartin
1225,Joonathan,Pattterson,M,Richhard
1180,Waye,Shaaw,M,Lawrennce
997,Dona,Ferguon,F,PPatrick
422,Naancy,Coooper,F,Tery
701,Wilie,GGomez,M,Robet
1295,Joann,Montgommery,F,Jessse
457,Kren,Wallacce,F,JJoshua
876,AAaron,Rilley,M,Denns
14,Wayn,MMills,M,Gerad
1312,Denisse,Herrnandez,F,Pauul
572,athryn,Wshington,F,Juaan
269,Je,impson,M,Waye
1971,Dori,Wills,F,Georgge
1017,Nora,LLynch,F,erald
598,Lawrenc,Carenter,M,Nichoolas
270,Sharonn,Yung,F,Anndrew
1545,TTina,Tores,F,Sen
165,Euene,Hason,M,RRalph
1022,Jooyce,Rynolds,F,ayne
1764,LLois,Alvvarez,F,JJames
1653,Rebecc,Hoolmes,F,Gerld
1290,Kennet,Gonzalz,M,Albet
1436,SSamuel,Jackon,M,Ro
195,Juliee,Menoza,F,Lawrrence
1754,Stephn,Le,M,Abert
1068,Mldred,Craford,F,Eri
594,JJoyce,Gomezz,F,Howward
586,Francces,Pattersn,F,Jimy
1554,Anggela,WWalker,F,Jo
382,MMary,Harvvey,F,Terr
1115,Geerald,iaz,M,Frankk
682,PPaula,tanley,F,Arthr
1263,Kaen,Daay,F,Mattheew
1433,RRyan,RRamos,M,Mrk
952,Royy,Wagneer,M,Harrry
310,Emiy,Morale,F,Pter
1425,Louisee,Willims,F,Maartin
781,Lindda,Scmidt,F,Jseph
295,Branddon,Bennettt,M,Daavid
532,Rand,Montomery,M,Garyy
918,arie,Welh,F,ichael
473,Albertt,Mconald,M,Justi
179,Jimmyy,Jacksoon,M,Johua
1134,Fran,Thomaas,M,RRobert
1823,Mrtha,Dan,F,Victo
1211,Judih,Bure,F,Joh
231,Benjamiin,ose,M,Nicolas
1489,Williamm,Chave,M,Daviid
839,Heater,Larsson,F,Edwward
1646,Crig,HHunt,M,Antono
1325,Aaroon,arker,M,Jeremyy
633,Jessee,Cuz,M,Stepheen
411,Jusstin,Walllace,M,Rssell
1170,Niccholas,Casttillo,M,ean
859,Ronaldd,Holmmes,M,Harod
528,Patrici,Gilbet,F,Cllarence
1628,Denis,Gonzale,M,Pauul
1161,Raaymond,Morggan,M,JJoe
1040,Paull,Snyde,M,Rya
15,Laaura,Haawkins,F,Geoorge
1022,Jyce,Reynoolds,F,Waayne
1789,Mara,Jonees,F,oger
1732,Gregoryy,Sttewart,M,Douuglas
91,erry,Philllips,M,Blly
1777,Dine,Shaww,F,Jimy
1550,Josha,Longg,M,Hward
303,Brce,CCarter,M,Doald
1750,Anthon,Garrrett,M,Maatthew
886,Anthhony,Weeaver,M,BBilly
857,Jasonn,Fo,M,Joseh
765,Ssan,Gilbertt,F,Bbby
1132,AAdam,lores,M,Joshu
370,awrence,Lewiss,M,Keneth
173,Eugenne,Paalmer,M,Victorr
1133,Bevrly,Haart,F,Geral
1930,arie,Andews,F,Hennry
964,haron,Bannks,F,Rndy
486,Ashey,Anerson,F,Keneth
1346,enjamin,Griiffin,M,Willlie
1590,Henrry,Brradley,M,Ryn
1708,RRichard,Stepens,M,Jimy
1427,Virginnia,Shaww,F,Denis
1560,Norrma,Fieldss,F,Mchael
497,Lauura,Sanchhez,F,Patricck
980,Kimberlly,Jnes,F,Erneest
1713,Danieel,Hanseen,M,Benjain
1652,Nichoas,Holme,M,HHarry
1498,CCarolyn,Dvis,F,Justn
221,Steeven,Marrtin,M,Frd
736,Brendda,Bel,F,Stephn
2,Alic,Waggner,F,Jo
641,Edwarrd,Gbson,M,Smuel
1007,Frred,CChapman,M,EEric
1023,Breenda,Russeell,F,Keevin
1275,Shawwn,Campell,M,WWalter
278,Sharoon,Sandes,F,Vicor
1817,Jmes,Nichos,M,Carles
1892,Toddd,Lync,M,Water
1646,Crig,Huntt,M,Antono
574,Petr,Carteer,M,Willi
788,ina,Youung,F,Adamm
212,ean,Moraes,F,arry
1878,Chriis,Willi,M,Ala
862,Anonio,RRamos,M,Jusstin
1982,Loiss,Caroll,F,Atonio
1927,Heny,MMendoza,M,randon
1083,Annthony,Reynods,M,SSamuel
1801,Kathrynn,Wech,F,Jooseph
1600,Pter,Lng,M,Lrry
108,Shaaron,Meye,F,Ryyan
466,Geerald,Fernanndez,M,AAndrew
1292,Jaane,alker,F,Rssell
1536,Matthhew,Mils,M,Keneth
1930,Mariie,Anrews,F,Hery
986,KKathleen,Roero,F,Ryaan
1934,Normaa,Colee,F,Carls
384,Chistopher,Webbb,M,Rndy
870,Ane,iaz,F,Timthy
85,Diaana,Mcccoy,F,Jo
1911,Rutth,Foste,F,Riichard
115,Kein,wens,M,Michhael
1055,Robbin,Stnley,F,Dougls
537,Benjamn,Vasqueez,M,SSteve
138,oan,Adamms,F,Georrge
680,Mry,KKing,F,alter
1129,Beverl,Grraham,F,Aln
1381,Cristina,Wet,F,ric
1735,Justiin,Johson,M,Keiith
1605,arl,Williaamson,M,Jackk
752,Ruussell,Patterrson,M,Stven
894,Eugeene,Prker,M,Timoothy
611,Jeffreyy,Mendozza,M,Jamees
425,Mar,Davs,M,AArthur
1472,ugene,Haawkins,M,Billly
1579,Jefffrey,Hughees,M,Cris
305,ammy,Alvareez,F,Wyne
724,Pula,orrison,F,oe
1684,SSean,Red,M,Carloos
1192,Noorma,HHarvey,F,Thoomas
1521,Eily,Bker,F,Artur
1687,Geoorge,Allenn,M,SSamuel
1566,alter,MMyers,M,Justinn
1344,ichard,Buttler,M,Jese
1281,Jeemy,Weaaver,M,Jun
1284,Sott,ynch,M,Lwrence
1112,Pamla,guyen,F,Nichols
1893,Dianaa,Littl,F,Doouglas
602,Heathr,KKim,F,Petter
1384,Alert,JJohnson,M,JJoe
22,Catherinne,Ngyen,F,Teerry
772,Andew,Ferguon,M,Joh
1910,Rady,Patterrson,M,Rusell
965,Alaan,Huhes,M,Martn
1145,Jun,Herandez,M,Jusin
1188,Marth,Fowwler,F,Donalld
362,Jooshua,Haarvey,M,arl
1899,Roe,Buler,F,Russeell
405,rank,RReynolds,M,Freed
1862,Am,Nichol,F,ose
857,Jasoon,Foox,M,Josepph
1179,Emilly,Hawkinns,F,Chri
1614,Lawrnce,tevens,M,ussell
210,Pal,Brwn,M,Pillip
1333,Kathrryn,Wels,F,arry
1943,Edwrd,Grrant,M,Justinn
1769,Srah,ray,F,Fredd
152,Jule,Leee,F,CCarl
1691,ose,Elli,M,Anthoy
184,Jacqueine,Sullian,F,Addam
1469,EEarl,Porrter,M,Phiip
1244,Annaa,Rees,F,CChristopher
1733,GGerald,Mooe,M,Maatthew
552,Stephn,Morenno,M,Eic
194,Louisse,Wrightt,F,Jackk
1033,Joee,Dixoon,M,Raymonnd
747,Steeve,Wallacee,M,Jessse
67,Crol,Gommez,F,Je
1829,Kahy,Fernandezz,F,Lrry
1724,Arthuur,Watso,M,Parick
1610,Stephnie,Meer,F,yan
1163,Irrene,CCunningham,F,Eugen
274,Rebeecca,Rily,F,JJeremy
1636,Jenifer,JJames,F,Davd
1901,Taammy,Reeyes,F,Michaell
200,Bonie,Elliis,F,Benjaamin
1319,Sadra,Montgoery,F,Adamm
942,Marta,MMartinez,F,Arthu
1818,Raymon,RRyan,M,Rober
268,Billly,Rmirez,M,Robeert
543,Saa,Matinez,F,aniel
125,Juulie,Buron,F,Wille
1320,obby,reen,M,Jerr
987,Donld,Media,M,Cal
911,Caroly,Parkker,F,SShawn
808,Jonathhan,Alexaander,M,Keiith
8,Mariaa,Austn,F,Harryy
1301,andra,Arrmstrong,F,Bian
1454,Jiimmy,Edwarrds,M,Keevin
1473,Timoty,Homes,M,JJustin
1090,Vicctor,Wheelr,M,ason
205,Eward,Hrnandez,M,ictor
868,Kellly,Ramrez,F,Mchael
1624,Ay,Graha,F,Russll
168,Jaice,Hrrison,F,Denns
1367,Caroyn,Mils,F,Willlie
891,Tiimothy,Perkiins,M,dam
572,Kathrn,Wshington,F,JJuan
1566,Walterr,yers,M,JJustin
949,Brndon,Buttler,M,Aaroon
760,KKelly,Kimm,F,Rogr
135,Egene,Duunn,M,Antonnio
719,Nicolle,Rie,F,Davi
1654,Timthy,Ki,M,CChristopher
1272,Carloos,Smiith,M,Shhawn
730,ruce,Larsson,M,Raaymond
1191,DDennis,Kniight,M,SStephen
1694,Matin,WWarren,M,Jefrey
974,MMichael,Dayy,M,Jeesse
1080,Sharoon,Jammes,F,GGeorge
596,Virgina,Cookk,F,Geerald
258,Marth,Gome,F,DDouglas
669,Charlees,Jaacobs,M,Seaan
1166,Paua,Petes,F,Matthw
1507,Ana,Aexander,F,Loui
275,Willlie,Sha,M,tephen
1184,Crag,Riera,M,Geore
78,Maartin,Wilon,M,ames
306,Paela,Portr,F,Justn
481,Timoty,Morale,M,ary
1550,Joshuaa,Loong,M,oward
115,Kein,Owes,M,Mchael
445,Bennjamin,Grantt,M,Edard
879,Lilllian,Howel,F,dam
99,Caatherine,DDiaz,F,Freed
1004,Marrtin,Cookk,M,Phiillip
116,Rebeca,Austi,F,Jmes
1253,Rbert,Mils,M,Stphen
326,Joann,Geen,F,Blly
1766,Ashly,Ra,F,Caarlos
1407,Charless,Cooperr,M,Wyne
192,Eugen,Freeeman,M,Lawrnce
1727,Annn,Wagnerr,F,Frnk
146,Lida,Coox,F,Williie
1629,Larr,Bennettt,M,Erest
1617,Roge,Leee,M,Rusell
910,Rogerr,Jaackson,M,Frannk
483,TTina,Fllores,F,Louiis
934,Sussan,Hanse,F,Michae
345,Cathherine,Deean,F,dam
987,DDonald,Medna,M,Crl
1909,Dnald,HHowell,M,Hoard
1702,Marha,Scmidt,F,Seve
962,Seann,WWelch,M,illie
344,Thereesa,Hamlton,F,ason
1347,Liillian,Snder,F,Robbert
1803,Ptricia,enderson,F,Erl
383,shley,Grahham,F,Jonatan
1111,Eugen,Rosee,M,Rnald
324,Rachell,Waker,F,Keenneth
877,Brue,Nichos,M,Bian
2,Alic,Waggner,F,oe
1243,Heln,Pereez,F,Aarron
429,Willlie,Vaasquez,M,Ralphh
1810,Stepheen,Washinggton,M,Crl
607,Earll,onzalez,M,Marti
166,Frd,Ree,M,Benjamiin
379,udith,Weave,F,Terr
1915,MMartha,Roe,F,Victoor
887,Brin,Peez,M,Carllos
1001,Tiina,Barne,F,Crig
260,MMildred,Pillips,F,TTodd
110,Amada,Clarkk,F,Charless
874,Caig,Heenderson,M,Chhristopher
1371,Raandy,Garreett,M,BBobby
1091,Shaw,Howeell,M,Crl
1462,Meliissa,Blck,F,Nichlas
693,Kath,Duunn,F,Williiam
764,Donld,Rse,M,JJohnny
251,Haarry,Wrigt,M,Adaam
206,Philllip,est,M,Bill
1953,Kevn,Willliamson,M,Ronaald
1977,Marthaa,Morriso,F,Vitor
921,Blly,Rooss,M,Denis
1771,Alann,Blacck,M,Stevve
1622,dam,Hmilton,M,Fraank
813,Stephhanie,Mntgomery,F,Anthonyy
688,Phili,Elliis,M,Waayne
1476,Dris,Castill,F,Gay
1071,RRuth,Fulle,F,Jo
468,Ros,Mcdonld,F,Josseph
1832,Rogger,Evanns,M,Jsse
785,Danieel,ordan,M,oward
1952,Phhillip,Jams,M,Ada
1223,Jams,Robers,M,Patric
727,Eugenne,Frazieer,M,Roberrt
841,Kiimberly,Alvvarez,F,Jeesse
297,Alann,rown,M,illy
1423,Ronal,Williammson,M,onathan
1384,Alber,Johnsson,M,Jooe
1818,Rymond,yan,M,Robertt
507,Maryy,Wellls,F,arl
1470,Kaherine,Simmonns,F,Edwardd
5,Dennnis,Sullivn,M,ose
1937,Virginiaa,Welchh,F,Buce
1109,Robbin,Rbertson,F,Russeell
986,athleen,Romerro,F,Ran
895,Dorthy,Willliamson,F,Tod
455,Rusell,Wels,M,Jse
1573,Ptrick,Kng,M,Erc
346,Jaet,Geene,F,Kennneth
1686,Roe,Rodiguez,F,Antthony
1246,ichard,GGordon,M,Jasn
353,Maark,Whitte,M,Erest
873,Beeverly,arris,F,Brce
1273,Aaaron,Robinnson,M,Dennnis
1696,Rger,Braddley,M,RRandy
1594,Harrry,Robnson,M,RRaymond
1833,Tiina,EEllis,F,Jerremy
272,illie,Fisherr,M,Josepph
426,Josshua,Poowell,M,Lawrenc
1327,Crai,ierce,M,Anrew
648,Saara,Sith,F,Kith
984,Eaarl,Wattson,M,Kith
1026,Phillip,Thoms,M,Russelll
145,BBeverly,Alllen,F,Gregoory
1794,Keeith,Gant,M,Greory
1612,Rth,Coopr,F,Peterr
1856,Melisa,Ryann,F,Aarron
1881,Lawreence,Roinson,M,randon
440,Diiane,erez,F,Jaso
1000,Jaso,Andersonn,M,Rnald
584,Phillip,Harrisson,M,AArthur
1209,Pala,Broooks,F,ouis
1601,Roert,Gerge,M,ictor
442,Haarry,Gbson,M,Paull
796,Phylliss,Simons,F,PPhillip
1872,Niccole,ruz,F,Jonny
546,rank,Hlmes,M,Alann
1019,Brrian,Adamss,M,Jmmy
1245,Howward,Broks,M,dam
1877,Mrilyn,Garzaa,F,Aaaron
1787,Fed,Wrightt,M,Stehen
416,ussell,Rmos,M,Timotthy
906,Marggaret,Morggan,F,Jese
1607,Sar,Bishoop,F,Jessee
721,Hrry,Ruizz,M,Marrtin
867,Pammela,Richhardson,F,Keitth
777,JJulie,Goron,F,Donaald
1258,Antoniio,Robertss,M,Pal
939,udy,Hoowell,F,Walte
491,Frred,ranklin,M,Jhn
336,Waynee,Jenkkins,M,Billyy
240,Nicle,Muray,F,Howarrd
698,Lorri,Gaza,F,Chis
1370,Charrles,Lrson,M,Steveen
1956,argaret,Rvera,F,SSteve
625,Cynhia,GGray,F,Rogr
1860,Thoma,Lewiis,M,Ryann
1202,Jeerry,Sannchez,M,Lawence
658,Albertt,Baer,M,Doald
1623,Amyy,Sttone,F,arold
1148,immy,Gaarza,M,Jan
1880,MMary,GGarza,F,Bnjamin
1592,NNorma,Howwell,F,Johny
1012,Jane,Larsn,F,JJames
761,usan,Diixon,F,Paaul
1330,Anthoony,Sms,M,Jefffrey
1868,Saah,Elliis,F,Pau
1933,Caol,Caarr,F,Jremy
1633,Antnio,Howad,M,nthony
1527,Gerge,Stephenss,M,Abert
1513,aymond,Mcoy,M,Jstin
1196,Claence,Snydeer,M,Jimmyy
441,Kaathleen,Ellioott,F,Anthoony
1229,Eliizabeth,Halll,F,Crraig
366,Samul,Collin,M,Samuell
277,Earrl,Masoon,M,Stevven
818,Roe,Patteron,F,Adaam
1778,Victoor,Mcoy,M,Victorr
733,Iren,Ree,F,Waltter
815,TTimothy,Matthws,M,Haroldd
1304,Charls,Orrtiz,M,Grald
909,NNorma,AArmstrong,F,Russsell
1404,Babara,Sanchezz,F,Christoppher
1293,Saarah,Jamees,F,erry
1361,Glloria,Adrews,F,Jaes
1376,Heathe,Ortiiz,F,Lawrencce
1809,AAdam,Coeman,M,Jermy
555,Joycce,Grray,F,Johhnny
1740,Vitor,Gilber,M,Joonathan
1597,Keneth,ells,M,Victr
60,Wayyne,MMedina,M,Artthur
1978,Jhnny,Petersson,M,Phiip
1698,Waltr,Blac,M,ictor
998,Richarrd,Simpsonn,M,Ro
1591,Edard,Moorgan,M,Dougla
1031,Clarnce,Wilsn,M,Arhur
309,Louiis,RRamos,M,Aarron
663,Loori,oreno,F,PPeter
713,Rbert,Burs,M,Martn
1734,Mchelle,Alln,F,Jeerry
789,CCarlos,Gaza,M,Erl
188,Scot,Roose,M,raig
334,Raymondd,Thmas,M,Pter
158,Rachl,Arnolld,F,Harolld
484,Ruussell,Hics,M,Daiel
399,LLouis,rooks,M,Wilie
1706,Biilly,ox,M,Jaes
460,Annne,Florees,F,Thoas
259,inda,Bown,F,Beenjamin
30,RRachel,Wriight,F,red
1370,Carles,Larsn,M,Seven
502,Pamea,LLarson,F,Keit
778,Albertt,Moor,M,Gerld
114,Louiis,Myer,M,Shaawn
1428,Dana,Clrk,F,WWillie
1164,Geore,Harrris,M,Boobby
618,Russll,Roe,M,Kenneeth
368,Stephn,Bradleey,M,Biilly
443,artin,Arnolld,M,Kennneth
100,Antoio,LLawson,M,eorge
415,Dois,Dy,F,Philip
204,Charle,GGarza,M,Roberrt
657,Philip,ord,M,Eaarl
888,Crraig,Fsher,M,Jan
211,lbert,Chpman,M,WWayne
1326,Rebeecca,Coopeer,F,Willlie
628,Marrie,Vsquez,F,Russsell
1293,Sarh,Jammes,F,Jrry
665,Brucce,Poter,M,Crraig
570,Denni,Marshalll,M,Jerey
1931,Heln,Elllis,F,Jun
45,Eelyn,Roodriguez,F,DDouglas
1620,Christophr,yan,M,Arthurr
1364,Nichlas,Moran,M,Raaymond
404,Rosee,Kelleyy,F,Dougas
1738,Patrrick,Snydr,M,Josseph
743,Loiss,GGonzales,F,Michal
1962,obin,rmstrong,F,Arhur
13,Pattrick,Red,M,Boby
930,Nanc,Stevenns,F,Edwaard
1784,tephen,Howll,M,Jeesse
1680,Raph,CCollins,M,Caig
1991,Kimmberly,Aleander,F,Allan
263,Lsa,hompson,F,Aaro
1701,Aarron,Aderson,M,Grald
1111,Euggene,Roe,M,RRonald
1460,Martiin,Boydd,M,Mrtin
1144,Mrie,Grham,F,Jonahan
464,Hele,Eliott,F,SScott
162,Kely,Garrrett,F,Briaan
636,Terryy,Gree,M,Wyne
73,Geerald,Andews,M,Jerey
1167,AAnne,Giilbert,F,Lous
759,Ann,Hoolmes,F,Frred
1193,Brucee,Adam,M,Donal
1338,Eal,Wlliamson,M,Eddward
438,Sra,atkins,F,BBenjamin
1861,Joh,Buttler,M,Joose
1186,Brin,Reeed,M,immy
1761,AAnn,HHarrison,F,Chrles
115,Keevin,Oweens,M,MMichael
1287,Diiana,Thoomas,F,Jan
1723,Maatthew,awkins,M,Jo
279,Loi,Brry,F,CCarl
857,Jasoon,ox,M,Josephh
660,Jhn,Matin,M,Geral
1445,Christinna,ells,F,WWillie
485,Bobbby,Watsson,M,Tery
464,Heelen,EElliott,F,Sctt
20,Charle,Edwars,M,Grregory
1759,Carrlos,ay,M,Benjjamin
322,ary,Rees,F,Jefffrey
1679,Ronld,EEdwards,M,Jua
1646,Crai,Hut,M,Antoonio
614,Ralphh,Florees,M,MMark
71,Carll,Petes,M,LLarry
962,ean,Welc,M,Wiillie
903,Shiley,elley,F,Arthhur
478,Caarl,Mcddonald,M,Jefffrey
507,Mar,Wellls,F,CCarl
49,VVictor,Rynolds,M,homas
1222,Ronad,Boman,M,homas
525,DDeborah,Wod,F,Phiip
878,WWalter,Graaham,M,Patick
1940,Ericc,Gibon,M,Willliam
1385,Timoth,Jenins,M,Willam
350,Sanddra,Schhmidt,F,Eugeene
1394,Eugenne,CCole,M,RRandy
307,Bennjamin,Meyerr,M,Anntonio
1542,Jerrry,Richarrds,M,WWillie
1651,Kennneth,Clak,M,Jo
1704,Heleen,Perkin,F,Sen
1359,Anne,OOrtiz,F,Aaroon
9,Victo,Wallacce,M,Ada
712,ohnny,Moorris,M,Josshua
1520,Eaarl,Mendoz,M,Bandon
1034,Rebeccca,Maon,F,Robertt
1967,Patrickk,Ferrnandez,M,ric
1664,Tmmy,Campbeell,F,DDonald
975,Midred,Hawkns,F,Jnathan
510,Bety,Chapmn,F,Stteve
1364,Niicholas,Mogan,M,Raaymond
988,Hether,Hmilton,F,Timoth
266,Fran,Nelsson,M,Juann
1836,Paatrick,Harrt,M,Wiliam
948,Bevely,Mendza,F,Wlter
566,Bettyy,Robertsoon,F,Tery
1562,aula,Paalmer,F,Branddon
1074,Lind,Rodriguz,F,RRoger
1831,Christia,EElliott,F,Rooy
1551,PPhyllis,Morrisonn,F,Crraig
1037,ynthia,Poorter,F,Doald
1835,Johnnny,Forrd,M,Mattthew
1845,Ernet,ills,M,Jaon
570,Denis,MMarshall,M,JJeremy
1456,Frannces,Harvvey,F,Anthon
15,aura,Hawkin,F,GGeorge
465,iane,Ricardson,F,Jery
1554,Angla,alker,F,Jooe
773,EEmily,Adrews,F,Carloos
1050,Diaana,Littl,F,oger
410,Sirley,Pery,F,Eddward
134,Bevverly,Alllen,F,Roobert
646,Aarn,Gren,M,Greggory
916,JJudy,Mooreno,F,Jessse
1311,Marria,GGibson,F,Steeve
1289,ina,Wallaace,F,Wlter
490,Jerem,Kniht,M,Louiss
718,Jiimmy,Westt,M,Christoopher
933,Michhelle,rant,F,Joohnny
471,nna,ranklin,F,Brndon
1330,Anthonny,Sms,M,Jefrey
1292,Jae,Walkeer,F,Russeell
1063,Karren,Cunninghm,F,Jusstin
855,Richarrd,Orttiz,M,Crai
1639,Gaary,Gonzles,M,Jaack
875,Juulia,Knighht,F,TTodd
1660,Pillip,Harey,M,CChris
162,Klly,Garett,F,Bian
1990,artha,Washngton,F,Aam
1873,Stphanie,Gtierrez,F,Eaarl
540,Chhris,Ruussell,M,ark
391,IIrene,arr,F,Peeter
1822,Christophe,Dncan,M,Boobby
386,Rady,endoza,M,Carles
554,Pamella,Ryaan,F,Kenneeth
1240,Roald,Hanen,M,Rady
1792,Bettyy,Maso,F,Kevn
535,Laur,LLarson,F,Ranndy
670,arl,Hery,M,Benjamn
1236,Alert,Grdon,M,Juuan
1725,Parick,Woodd,M,Wayn
1548,Terrry,Rileey,M,Frankk
1190,Albeert,Franklinn,M,Grgory
1893,Diaana,Littlle,F,Doulas
849,effrey,Jorddan,M,Samel
824,Janne,Clar,F,Loui
1772,Lilian,Wallaace,F,Jonnathan
1221,Ala,Nguye,M,Georrge
1981,Dborah,Neson,F,Bobb
409,Adrea,HHarper,F,Earll
444,Barbaara,Wagneer,F,Jeesse
955,Rya,Howel,M,Fredd
480,Mariln,Caarr,F,Jonaathan
1642,Juulia,Meeyer,F,Sctt
1307,Maryy,tephens,F,Geoorge
1242,Mariaa,Jacbs,F,Egene
995,eter,Lne,M,ohn
1825,Cynhia,Hernanddez,F,Jasson
1391,Jan,Hendersoon,M,Joshhua
226,aul,Griiffin,M,Wlter
1962,Roin,Armstrng,F,Arthu
175,Pula,KKnight,F,AAlbert
124,AAnthony,itchell,M,Bobbby
437,Rebeca,Jonees,F,CChristopher
343,MMary,MMartin,F,Rand
45,Eelyn,Roodriguez,F,Dougls
1497,Ran,Simpso,M,Jusstin
944,achel,Wlson,F,Johnn
1649,Saamuel,Weavr,M,Michhael
1700,Dine,Hal,F,Gerad
65,TTodd,Berrry,M,Steen
397,Donaldd,DDay,M,enneth
1907,Alicce,Marrtin,F,nthony
416,RRussell,Rams,M,Timthy
552,Stepheen,Moeno,M,ric
832,JJuan,Russll,M,Phillipp
729,SSteve,RRose,M,Jan
554,Pamea,Ryaan,F,Kenneh
1784,Stepphen,owell,M,Jess
612,Craigg,Rie,M,Frd
1913,Jermy,Simpsoon,M,Jamees
1711,Eily,MMills,F,Marin
788,TTina,Younng,F,Adamm
1795,oan,Sancez,F,Bran
1523,Irenne,Hernndez,F,Sauel
376,Johhnny,WWest,M,Thomaas
1559,Jua,Gutierez,M,Ryyan
76,Fran,Coox,M,Carrl
715,Jeann,Mattthews,F,Dvid
1954,Clarnce,Larence,M,Andreww
1162,Micchelle,Lewiss,F,homas
75,Amaanda,Gozales,F,Russeell
1884,Shirleyy,Rile,F,Brce
35,Judih,enkins,F,enry
1024,JJuan,PPrice,M,Ralphh
332,Kattherine,Gonzalees,F,Seean
155,Shaawn,Schmid,M,AAntonio
1033,Je,ixon,M,Raymondd
323,CClarence,Elllis,M,Justi
1143,Sadra,Tayllor,F,Howaard
23,TTodd,Hal,M,Mchael
210,PPaul,Brrown,M,Philip
630,Haarry,Reyees,M,Maartin
1486,JJimmy,Scot,M,Walte
1722,Benda,Phillipps,F,Jeffey
142,Jeean,Warrren,F,Antthony
180,Joshu,Richars,M,Garyy
1819,Josshua,Johnso,M,Erc
1465,Joce,Cartr,F,ustin
1838,Maaria,Jennkins,F,Bobbby
1431,Tdd,MMoore,M,Willliam
776,Antony,Taaylor,M,Tery
1062,Patrricia,SStone,F,Matin
820,Pillip,Moor,M,JJose
79,arie,Cle,F,Jerryy
1472,Euugene,HHawkins,M,illy
1623,AAmy,Stonee,F,Harol
968,Henryy,Mccooy,M,Phiip
420,Jannet,agner,F,Thomass
1762,Chheryl,PPorter,F,Alert
113,Dougls,Austn,M,Stteve
1755,Christin,Dniels,F,Grregory
1741,Thhomas,Tylor,M,Jonathhan
1710,Timmothy,Foler,M,Jerem
1027,Larryy,Harriis,M,Matthe
892,AAdam,Barrnes,M,Stven
973,Cathrine,WWright,F,hris
281,Stepheen,Sancheez,M,CChris
97,Wllie,JJames,M,Keevin
928,Grald,atterson,M,arl
1774,Jasonn,Ryyan,M,Rnald
1137,Eugne,Anold,M,Robertt
374,Denis,Freemaan,M,Jmes
1928,Harr,Lawrrence,M,Benjmin
606,Christin,HHill,F,Crl
1027,Lrry,Haris,M,atthew
880,TTheresa,Miler,F,Hary
668,Paela,Bans,F,Raandy
993,Ay,Dixo,F,Wane
558,Anthoy,Harriss,M,lan
182,Geoge,Trner,M,Marti
388,Deenise,Poweell,F,DDennis
1532,Smuel,Peterrs,M,Randyy
1155,Annne,Caarroll,F,Alaan
704,Donn,Grreene,F,Nicolas
1039,dam,Mitcchell,M,Patricck
900,Cherl,Garret,F,Harrry
249,Ran,Lopezz,M,Ronal
1190,Albertt,Frankln,M,Greggory
990,Richhard,BBarnes,M,Alann
461,Virginnia,arnes,F,Hward
985,Amyy,WWillis,F,Steeve
29,Jerey,Armstrog,M,Jimmmy
804,Hward,Gutierre,M,Chri
1118,Jenniffer,Garrettt,F,Joe
1568,Teresa,Holes,F,Johhnny
1920,Reecca,Marin,F,Scottt
1634,Kennethh,Shmidt,M,Tery
583,Judit,Co,F,Ry
1176,Beenjamin,CChavez,M,Joee
585,Phlip,Mitchelll,M,Shhawn
1153,ack,Steevens,M,Edwaard
1426,Jammes,Stephenss,M,Bian
1931,Helenn,Elllis,F,uan
1313,Barbarra,BBarnes,F,Timotthy
561,Shron,Morrs,F,Patrik
1757,Jaice,Waatson,F,Briian
616,Petr,Frankliin,M,lan
515,JJason,Weest,M,Jaames
366,SSamuel,Colllins,M,Smuel
117,renda,Washingto,F,Harrold
523,Sndra,Sttone,F,Williamm
1471,Juith,Braley,F,Ryaan
1596,Tod,Warrd,M,Jrry
851,Williie,Scoott,M,Jerem
1558,DDoris,Bishhop,F,Howward
992,Ptrick,Scot,M,Ernnest
721,Harrry,Riz,M,Marti
211,Abert,Chpman,M,Wayn
324,Rchel,Walkker,F,Kennneth
1269,Loouise,all,F,Gar
1455,Gerge,Hunteer,M,Jak
1430,Jssica,Johnnston,F,Chriss
960,Howar,Rammirez,M,Jacck
1448,Chaarles,Bradleyy,M,Peteer
1609,Ernestt,Littlee,M,Wlter
129,Dianee,Reyyes,F,Benjami
1691,JJose,Elis,M,Anthonyy
597,Pter,Hnsen,M,Jseph
321,Boby,Rynolds,M,Phillp
254,Virgini,Millerr,F,Crai
69,Katherie,Kenney,F,Aaaron
885,eborah,More,F,Timoothy
618,Ruussell,Ros,M,Kennneth
306,Pamel,orter,F,Jusstin
296,Dnise,Foox,F,Jhn
628,Mrie,Vasuez,F,Russsell
492,Harrold,Smithh,M,Gaary
1393,BBonnie,Vasquezz,F,HHenry
1210,tephen,Bryat,M,Douuglas
265,Virginnia,Pallmer,F,Markk
1693,inda,Hawkns,F,Samue
816,rnest,Gran,M,Josse
936,Michhelle,Maso,F,Patriick
902,ohnny,Burkee,M,atthew
610,alter,ernandez,M,FFred
1060,Beeverly,Prker,F,oe
449,Jammes,arnes,M,Adaam
1137,Eugee,Arnolld,M,Rober
1442,Ryyan,Lawsn,M,Toddd
408,Racheel,Rodriiguez,F,Ala
415,Dois,Daay,F,Phiillip
614,Rlph,FFlores,M,MMark
1873,Steephanie,Gutiierrez,F,Eal
1021,ichelle,Powll,F,Jimmmy
1697,ouise,Rams,F,Josee
1673,Juulia,Gacia,F,Jasson
1859,Theeresa,Hawins,F,Loouis
1688,Seven,Cok,M,Grgory
1751,Antthony,ibson,M,Jstin
580,Dorohy,Harrson,F,Nichoas
743,Loiis,Gonzale,F,Michal
1418,Waalter,Broooks,M,Howad
1390,AAnn,Ramo,F,Christopherr
824,ane,Claark,F,Luis
1313,Barbaraa,Barns,F,Timthy
1178,Timoothy,Freeeman,M,RRoger
325,Chrristopher,Haanson,M,Doouglas
1070,Ane,Stewat,F,Frankk
1721,Larrry,Hudsoon,M,Gregoory
1941,Victtor,Mendoa,M,ustin
764,Donaldd,RRose,M,Johny
1098,Seve,Torre,M,Allbert
1392,Gregoory,Kiim,M,Crlos
1666,Eveelyn,MMendoza,F,Chales
908,Lawrencce,Elllis,M,Marttin
1712,uby,Waton,F,Sen
1301,andra,Armsrong,F,Briaan
1800,Jennnifer,Fowleer,F,Lawreence
451,Jck,Thompsonn,M,Jessee
1806,Normma,Richardso,F,Keitth
1966,Jasn,Reeyes,M,ark
775,Pilip,Jams,M,Saamuel
578,AAndrew,Woo,M,Samueel
1968,Kvin,Matin,M,Frak
973,Caherine,Wrightt,F,Chri
1250,Deebra,Coole,F,Kevinn
1972,Allan,Porterr,M,Victoor
224,Stve,Robers,M,Maartin
1252,Stepphen,Broks,M,Lois
1382,Lindaa,Snchez,F,Phiip
1284,Scot,Lync,M,Lawence
1509,Judth,Waallace,F,uan
664,arol,lark,F,Paatrick
1283,Nichols,Harvy,M,Josshua
187,Jon,Harey,F,Nichholas
400,hawn,Siims,M,Christoper
644,Aln,erkins,M,Aaronn
1414,Nacy,Baailey,F,dam
1459,Jamees,Gonzzales,M,ichard
1383,Henrry,Fiellds,M,Christopheer
1273,AAaron,Robinsn,M,Denns
1716,Dorotthy,Red,F,uan
1335,Ernst,RRose,M,Erric
186,Arthuur,ardner,M,Timohy
1196,Clarencee,Snydr,M,Jimmmy
593,Jaanet,Sandders,F,Matthhew
266,Frak,elson,M,Juaan
916,Jdy,Morreno,F,Jsse
188,Sctt,Rosse,M,Crai
798,Ryann,Allenn,M,Victo
1010,Greory,Prce,M,Philipp
666,Deboorah,Henryy,F,Thomaas
1655,Johny,Hickss,M,Sauel
1274,Kaaren,Caroll,F,Fredd
941,Benjjamin,Olver,M,Phlip
883,Eugen,Tuker,M,Sott
1963,Meliissa,Hwkins,F,Marin
924,Sarahh,Wgner,F,JJoe
365,Tiimothy,Barnnes,M,Crai
357,Gregoory,Ramirrez,M,ussell
198,andy,Jenkkins,M,ruce
1567,Wayn,Alvrez,M,Sea
1241,Angeela,Snder,F,Edwward
1842,Bily,Burnns,M,Frred
270,Sharron,Younng,F,Andreww
1853,Jefffrey,Martiez,M,Harr
1765,Lorri,Den,F,rthur
827,Pamel,PPierce,F,RRoy
192,Egene,FFreeman,M,LLawrence
1605,Eal,WWilliamson,M,Jackk
102,Jonathann,Chappman,M,Jaames
1379,ohn,Laawson,M,Erc
1569,ean,Lawrennce,F,Jo
595,JJanet,Jenkns,F,Frankk
831,Waanda,Morriison,F,Garry
1015,Juddy,Brook,F,Randyy
418,Gregor,Wager,M,Jaames
453,Bettty,Litttle,F,ichael
1424,Tmothy,Mndoza,M,Tery
458,Agela,Scottt,F,Jasonn
1075,Keviin,Pery,M,Josse
571,Dine,Mashall,F,Kevi
1,Adrew,Hat,M,Jan
632,Kenneh,Deean,M,Jutin
1354,ori,Muray,F,Craigg
889,ulie,urray,F,Euugene
1413,Jaon,Watsn,M,Jasoon
1373,aria,Gutierrrez,F,Jak
643,Ronaald,Walkeer,M,Erl
1406,Bevverly,Dy,F,Jimy
266,Frannk,Nelsonn,M,uan
1044,Russll,Youngg,M,Joeph
1981,Debora,Nelsn,F,Bbby
1695,Dorthy,Bryat,F,onald
582,Anela,Dunnn,F,Blly
105,Josph,Hcks,M,Haold
1783,Lis,Rss,F,Toodd
1240,RRonald,HHansen,M,Rany
1051,Judit,SStanley,F,Chaarles
1848,Katheerine,Diz,F,Eugee
957,Jenifer,anders,F,Brucce
1383,Hennry,Fieelds,M,Christpher
93,Kennneth,Marrtinez,M,Jaames
229,Jhn,Alen,M,JJose
1617,Rogerr,LLee,M,Ruussell
122,Cheryll,Ramiez,F,Euggene
1435,Louie,Knigght,F,Pul
29,Jeeremy,Armsrong,M,Jiimmy
1993,Naancy,DDunn,F,Crai
1785,Micelle,LLynch,F,ruce
1479,Brrandon,Broos,M,Jessee
1481,Eaarl,Walace,M,Frd
850,Theesa,Shw,F,Ptrick
427,Paticia,HHunter,F,Raymon
1617,Roge,Leee,M,Russel
1502,TThomas,Hiill,M,Kennet
1296,MMary,Foter,F,Kennth
104,JJeremy,Millss,M,Chriis
126,Johhn,Carpenterr,M,Nichholas
900,Ceryl,Garrrett,F,Harrry
774,Marth,ayne,F,Jaon
1233,arl,arvey,M,BBrandon
383,Asshley,Graaham,F,Jonatthan
687,Catherinne,Jacksonn,F,Larryy
252,Matthhew,Ryaan,M,Joee
317,Normaa,illiamson,F,Harod
135,Eugee,unn,M,Antnio
1160,Milldred,Reeyes,F,Gerrald
1207,Kthy,oster,F,Luis
1095,Lnda,Myerrs,F,Ralp
1611,Shharon,icks,F,Dennnis
777,Jullie,Gorrdon,F,DDonald
1645,Douglass,Piere,M,Jooe
1094,Kathleeen,Nchols,F,Douuglas
635,Jessic,ilbert,F,Kennetth
372,Hele,Foser,F,Jseph
679,Benjammin,MMiller,M,Danil
1358,Clarencce,Rammos,M,Anthny
963,aron,Lwson,M,Vicor
651,udy,Mller,F,Chares
994,Bily,Collns,M,Willia
1742,Pilip,Adaams,M,Jutin
802,Grregory,Moreeno,M,Ryaan
756,ean,Tcker,F,Rany
553,Jasn,Rodriguezz,M,Caarlos
938,Patrrick,Taylorr,M,Ralp
45,Eveelyn,Rodrigueez,F,Douglass
1872,Nicolee,Crz,F,Johnnyy
1984,Christinee,Halll,F,WWalter
1249,GGary,Alvaez,M,Lary
1478,Jea,ashington,F,Jhn
903,Shirle,Klley,F,Arthuur
843,Timoty,Heenry,M,PPhillip
1503,Royy,Brke,M,KKenneth
66,obert,anders,M,Wayn
337,Johnn,owell,M,Grregory
533,Kathhy,Spence,F,Jrry
544,Benjami,Hollmes,M,Jasn
1198,amela,Loopez,F,JJoe
1588,Donnaa,Larence,F,Geald
72,Jaon,Harve,M,Rany
459,DDiane,Willims,F,Rndy
945,Errnest,Mendoa,M,Donld
817,Diaa,opez,F,Jefffrey
940,ouise,Graay,F,Aln
977,Thmas,ruz,M,Nichols
275,Wilie,Shaaw,M,Stehen
561,Shaaron,Morri,F,Patick
1169,Crl,Hamillton,M,Waynee
17,Rth,HHawkins,F,Gar
1761,An,Harriison,F,Charrles
727,Eugne,Fraziier,M,Rober
1540,Amnda,Tayllor,F,Saamuel
1125,Stphanie,Ruz,F,Erc
327,DDouglas,Meina,M,Eriic
1981,DDeborah,Nlson,F,Bbby
101,Sammuel,Mcddonald,M,effrey
1638,Rlph,Medinaa,M,Rober
1496,Jerrry,Mattheews,M,RRonald
135,Euggene,DDunn,M,ntonio
1516,GGloria,nderson,F,Kennetth
485,Bobb,Waton,M,Tery
962,Seean,Wlch,M,Willlie
1449,Saamuel,Haall,M,Juuan
1173,Dorris,Shaaw,F,Jammes
1647,Chheryl,MMartin,F,Cris
588,Keitth,TTurner,M,Briian
70,Heatther,Howad,F,Ptrick
1678,Edwad,Sulivan,M,Briaan
742,Brue,Ryn,M,Laawrence
1940,EEric,Gibso,M,Williamm
671,Bradon,Green,M,DDaniel
996,Petter,Hayess,M,Eugen
1980,Mildre,Allexander,F,Gregor
1938,Jae,Haarvey,F,CCarl
602,Heater,im,F,Peeter
354,Christtopher,Arrmstrong,M,TThomas
250,Jennifr,TTaylor,F,Json
385,Caarol,Richarddson,F,Albrt
59,Loouise,Grreen,F,Charless
1889,Denisee,CChavez,F,Antoni
710,Ceryl,Otiz,F,Shhawn
866,FFrances,Jenkinss,F,Thomass
1464,Evelynn,Watkin,F,Christophr
1651,Knneth,Cllark,M,Jooe
1576,ean,GGordon,M,Juaan
2,Alic,Wagnerr,F,JJoe
1781,Brucee,Anderon,M,cott
1709,Louiise,Web,F,Water
1554,Angla,Waler,F,JJoe
1232,Jacquelie,War,F,Lois
1491,Suusan,Stoone,F,Jefrey
1213,Jaane,Duncann,F,onathan
1996,Jeffre,Mndoza,M,GGeorge
73,Geerald,AAndrews,M,Jeemy
1909,Doonald,Howel,M,Hward
1608,Timoty,Morrisn,M,Gry
520,artin,Porteer,M,Anttonio
735,Kareen,Olivr,F,oe
185,Davd,Auustin,M,Branon
1314,Mrie,Snyer,F,Eal
1457,AAdam,HHenry,M,Tomas
1124,Shirey,Buttler,F,Timoothy
11,CClarence,Kellyy,M,Justtin
1873,Stehanie,Gutierrezz,F,Earll
1103,anet,Fraazier,F,Ryn
1674,Hele,Brdley,F,Aarn
190,oward,Richardds,M,Raalph
1669,Philip,Scottt,M,Chhris
1555,RRuby,Grreene,F,illy
1585,Anie,Petes,F,Ernst
1729,Shirlley,Chapma,F,Stteve
1830,CCheryl,Wriight,F,Jeeremy
53,Beetty,Rihards,F,hristopher
926,Dougls,Petters,M,Timotthy
1717,Normaa,LLopez,F,JJustin
19,Stevee,Welh,M,Branndon
408,Racheel,Rodriguuez,F,Alaan
647,Sephanie,Coopper,F,Clarece
99,Cathrine,Dia,F,Fed
634,Danel,Chave,M,Anthonyy
590,Gloriaa,Hanon,F,Wiilliam
1476,DDoris,astillo,F,Gry
1647,Cheeryl,Marrtin,F,Chhris
1389,Lis,Sulliva,F,ose
1002,Kathleeen,GGrant,F,onald
706,Anniie,CCarr,F,Arthhur
340,Patriccia,Washhington,F,Freed
496,Cheryll,Simpsson,F,Daviid
1177,Danil,Baailey,M,Donalld
638,hyllis,CCampbell,F,Ernesst
1606,Glooria,Garrtt,F,Jese
479,Patriccia,nderson,F,Dougas
133,Jessse,Washingto,M,Jooshua
1201,Eic,Hamilto,M,Jery
352,Carlo,Willimson,M,Tod
583,Juditth,Co,F,oy
835,Doothy,Barnnes,F,Edwarrd
239,Teesa,Sone,F,Garyy
714,Phillp,Gardnr,M,Willi
913,lice,Wrightt,F,Tdd
447,Jooshua,Montgoery,M,Seann
862,Anntonio,Raos,M,Jusstin
292,Loouise,Butlr,F,Matthhew
1936,Hooward,Castill,M,Frankk
1226,Dnna,Kig,F,Crl
1151,JJose,Casstillo,M,Geeorge
203,Lous,Rss,M,alter
1861,Johnn,Buttler,M,Jos
1172,atrick,Bllack,M,oy
626,Katthleen,Camppbell,F,Sott
1126,Thomass,Ston,M,Nichoas
654,Carollyn,Wiillis,F,Willliam
1565,Laua,Henandez,F,Toddd
1867,Frred,Joohnson,M,Shhawn
1729,Shiley,Chapmn,F,Seve
233,Keelly,Mooe,F,Jmes
193,yan,Morgaan,M,Richarrd
519,Willim,Olsn,M,Raymnd
834,Ernet,OOrtiz,M,Russsell
1841,Marrie,aker,F,Petter
26,Bobbby,Lyynch,M,Gregoy
697,SStephen,Coleeman,M,Terrry
465,Dane,Richardsoon,F,Jerr
374,Dennnis,FFreeman,M,JJames
1510,Phylliss,GGraham,F,Hery
1075,KKevin,Perrry,M,ose
1466,Beerly,Carer,F,Russeell
1586,Ernst,Boman,M,Raymon
1187,Loi,Knigh,F,Gregorry
662,Caherine,Walllace,F,Bobbby
1324,Mildrd,Holes,F,teve
1391,Jan,Hendersson,M,Jooshua
819,Jennfer,Morrs,F,Ernst
706,Annnie,Car,F,Artur
860,Jooe,Rammirez,M,Shan
1480,Chhristina,urner,F,Toddd
1483,Emilly,Masn,F,RRonald
615,Jse,Hrvey,M,Aln
422,NNancy,Coopper,F,Trry
1718,Annnie,GGray,F,Brucce
978,Nicoole,Mongomery,F,Josua
1150,Erneest,Bwman,M,Ronnald
43,Seaan,Garddner,M,ason
907,Tdd,Arrmstrong,M,CCarl
730,Brce,Larsoon,M,Ramond
1944,usan,Graant,F,Randyy
1130,Saraa,Fowlr,F,Calos
1557,Carls,Walace,M,Addam
1290,Keneth,Gonzalezz,M,Albbert
318,Deennis,lliott,M,Russel
163,Charls,Thomass,M,Stephhen
1932,Stevee,Evan,M,PPatrick
1943,Edwad,GGrant,M,Justi
942,Marthha,Marrtinez,F,Arthr
1644,Michlle,Marsshall,F,JJoe
1803,Patrici,enderson,F,Earll
419,Raachel,Simmon,F,Timothhy
1018,Liinda,Grannt,F,Crl
276,EEarl,Muphy,M,Biilly
1011,Roe,Haarper,F,aniel
1078,Walteer,Knnight,M,Phili
215,Patrcia,Sullivvan,F,Ada
1932,teve,Evvans,M,Patrickk
794,Amnda,Robrtson,F,Marti
335,Ann,Siimmons,F,alter
289,BBonnie,Deaan,F,Juaan
1068,MMildred,Crawfford,F,Ericc
1857,Jessia,Shhaw,F,Martn
936,Michellle,MMason,F,Patick
655,Nicolee,Bery,F,Artur
382,ary,Haarvey,F,Terryy
407,Kathlen,PPalmer,F,Jeffre
259,Lnda,Brrown,F,Benjami
874,Caig,enderson,M,Christophr
481,Tmothy,MMorales,M,Gry
1425,Louisee,Williamss,F,MMartin
1141,JJohn,utler,M,Christophe
439,Tammmy,MMoore,F,ennis
784,Jonthan,PPerez,M,Raymondd
1079,Tod,Morrris,M,Jeffrrey
329,Jessicca,Sephens,F,Frnk
456,Kathrn,Freemann,F,Roobert
305,Tammmy,Alvaarez,F,WWayne
284,Marilyyn,Haris,F,Peterr
1563,Anthon,arcia,M,Stephe
809,Lorri,Sttone,F,Brruce
989,Diiane,Boowman,F,Joh
1555,uby,Greeene,F,illy
542,Reecca,Haall,F,Ernesst
1805,Ammanda,Coe,F,Scottt
585,Philp,Mitcchell,M,Shwn
806,Haold,arris,M,Gay
1766,Ashhley,Rayy,F,Crlos
691,obin,Milleer,F,Jame
600,Nanncy,GGraham,F,oger
1183,Phillip,Andrws,M,oy
755,hirley,ernandez,F,Peteer
358,Cyntha,Sencer,F,Daavid
1900,Mara,CChavez,F,Joshu
1242,Mara,Jacos,F,EEugene
1667,Maaria,Haarris,F,Terr
1084,rene,Red,F,Henryy
692,Alicee,Grnt,F,Hooward
21,Lauura,HHenderson,F,Garyy
888,Crraig,Fiher,M,Jan
1840,Wiilliam,eters,M,Robrt
1603,Donnald,LLopez,M,Jshua
785,Daniell,ordan,M,Hoard
1305,Timoty,Graha,M,Josph
1490,Carls,GGreene,M,Timmothy
1036,Howardd,Garner,M,Rya
787,Cyntha,Andews,F,Ernestt
1979,Crag,Mntgomery,M,Clarencce
359,Ammy,Butleer,F,Philli
1342,MMaria,Nguyeen,F,Victorr
1381,Christna,Westt,F,Eic
538,Amandda,Gilbertt,F,Gerge
201,ark,Riice,M,Boobby
1422,Kathryyn,CCastillo,F,Jeerry
937,Cynnthia,Claark,F,Willi
1259,Denniss,Dea,M,DDouglas
1092,Tery,JJohnson,M,Larrry
411,Jusin,WWallace,M,Russelll
1334,ouise,arper,F,Rogr
1313,Barara,Barrnes,F,Timohy
740,Waltter,Russeell,M,Briaan
1584,Jannice,Hanon,F,Atonio
1270,Nanccy,Hamlton,F,Walte
264,CChris,Butlr,M,Fre
530,Williiam,Haart,M,CCarl
925,Marria,Rgers,F,Allbert
1298,Cyntthia,Howel,F,Aan
1056,LLois,Jorrdan,F,Jon
991,Samuuel,PPerkins,M,Jmmy
1818,Rymond,Ryn,M,RRobert
990,Ricard,Barne,M,lan
650,Normma,Mendozza,F,Charlees
1866,EEarl,Filds,M,Brrian
387,LLois,Garzaa,F,Ryyan
1802,Joaan,ackson,F,Greegory
1556,Waye,Burrton,M,JJuan
695,Philliip,Goron,M,Thmas
593,Janett,anders,F,Maatthew
1159,Jdy,MMoore,F,Stteven
708,Peteer,Webbb,M,Crl
57,Jennife,ose,F,Ramond
247,Glloria,chmidt,F,TTimothy
1410,Jefrey,Guierrez,M,Allan
1847,imberly,Car,F,Doald
487,VVirginia,Evvans,F,Gaary
1058,Jessicca,Pery,F,Aaroon
225,DDorothy,Grifffin,F,Willlie
299,Phillp,Moreo,M,Hery
148,Wana,Lng,F,Terrry
887,BBrian,erez,M,Carloos
173,Euene,Palmmer,M,Viictor
579,Egene,Mccy,M,Clarennce
1813,arilyn,Ki,F,Joh
124,Anthoy,Mitchelll,M,Boby
500,obby,Davvis,M,Sawn
96,Scoott,Owns,M,uan
1898,Keithh,Ry,M,JJohnny
907,TTodd,Armsstrong,M,Carrl
1699,Thheresa,HHall,F,Rand
847,Charless,Simms,M,tephen
1049,Mtthew,amos,M,Waye
1813,Marilynn,KKim,F,Joh
149,PPatricia,Thompsson,F,DDaniel
1838,Maaria,Jenkinns,F,Bbby
576,Lis,PParker,F,JJimmy
609,heresa,Huntr,F,Phiip
1966,ason,eyes,M,Maark
1065,Dorris,Coole,F,Trry
1182,heresa,Flore,F,Pilip
1375,Roose,Simons,F,Christoopher
1945,Frnk,Williamsoon,M,Roge
557,JJesse,Porrter,M,Ricchard
573,Jacck,Dunncan,M,Rssell
588,Kith,TTurner,M,Bian
1245,oward,Broooks,M,AAdam
1178,Timthy,Freman,M,RRoger
1914,Jeemy,Frguson,M,Benjami
1198,Pammela,LLopez,F,Joee
1625,Goria,Buutler,F,Eugee
782,Niole,Coleeman,F,Roge
1690,FFrank,Miler,M,Larryy
555,Joce,Gay,F,Joohnny
581,Rubby,Pice,F,Harod
752,Ruussell,Patteson,M,Stevven
1518,Robbin,ole,F,Sauel
1272,arlos,Smih,M,Shawnn
1816,ark,Burtn,M,Stve
147,ori,Waard,F,Fre
1128,Alann,Lynh,M,Jffrey
1280,Wille,Murrray,M,Water
1041,Steeven,Mooree,M,Jerryy
1500,Wille,WWashington,M,Jhnny
1173,Dris,Saw,F,Jame
709,Steeve,Colemman,M,Stehen
1429,Jaack,Murrray,M,Heenry
1004,Marin,Cok,M,Philliip
836,Jame,Richads,M,Josep
1345,Joycee,Wallacce,F,Jess
807,LLarry,Lnch,M,erald
1324,Mldred,Holmees,F,Seve
530,Willam,Hrt,M,Car
1959,Anthny,Robertsonn,M,Luis
524,Loiis,Deean,F,Johhn
1237,Russeell,Fernandezz,M,Kevi
1054,Therea,Simons,F,Brucee
1046,Dona,Wahington,F,ohn
1753,udy,ones,F,Kevvin
1196,Clarencee,Snyde,M,Jimy
624,Lorii,Crawfor,F,Allan
1461,Fank,Weaverr,M,Jessse
81,Bobbyy,Otiz,M,Shhawn
298,Frak,Mccoyy,M,Scottt
917,Bruc,ox,M,Cris
241,ohnny,Sanley,M,Ralp
1782,Rubyy,Morreno,F,Loouis
256,PPatricia,Anrews,F,Cris
1414,NNancy,Baile,F,Aam
564,AAnthony,Thoms,M,Anthny
132,Toddd,Den,M,Richaard
1286,EEmily,Bowwman,F,Philiip
485,Boobby,Waatson,M,Terryy
1072,Sharonn,FFowler,F,Clarencee
559,enjamin,LLong,M,Keithh
1481,Erl,Waallace,M,red
1433,yan,Ramo,M,Mrk
819,Jenifer,orris,F,Erest
1685,Ncole,Washingon,F,Addam
545,Noma,Hickks,F,Antnio
1670,Doroth,RReynolds,F,Michaeel
968,Hennry,MMccoy,M,PPhilip
1464,Evelyyn,Watkns,F,Chrstopher
938,Patrik,TTaylor,M,Rlph
932,Philliip,BBurke,M,Harryy
1223,Jaes,Robets,M,Patick
1943,dward,Graant,M,Justtin
1987,oy,RRussell,M,Donad
1775,Toddd,Maartin,M,Brucce
696,Shirly,Miitchell,F,Ernesst
901,Rady,agner,M,Jooseph
1455,Geoge,Hnter,M,Jak
907,Tod,Armtrong,M,Carrl
1515,Lia,Geene,F,Douglaas
44,Carloos,Barne,M,SSean
943,RRalph,Crruz,M,Antonioo
1488,Frannces,Simpso,F,Clarnce
228,Caarlos,Ramo,M,Anttonio
1341,artha,Crz,F,Fredd
1302,Alaan,opez,M,Ran
1123,Dana,Gilbrt,F,Harolld
1351,Bonnnie,Duuncan,F,AAaron
333,Markk,Peterss,M,Kvin
757,Stevenn,ailey,M,Mattheew
1858,Nicolas,Jackon,M,Carlo
281,SStephen,anchez,M,Chriss
273,Jullia,arr,F,Harrold
330,Irenee,Foste,F,Kevn
365,Timoty,arnes,M,CCraig
1518,Roobin,Cle,F,Samue
576,Liisa,Parkker,F,Jimmyy
1114,Anddrea,Raamirez,F,CChris
741,Nicoole,Kenneddy,F,Thomaas
1068,Mldred,Craford,F,Erc
1025,Fredd,Bares,M,Benjain
1357,Joshhua,Red,M,Roald
1152,Wada,Coeman,F,Benjamn
693,Kaathy,Duunn,F,illiam
1659,Rogr,Owenss,M,Ernestt
970,Wlliam,ontgomery,M,ary
34,Milded,Powll,F,Jefffrey
1339,eith,Adas,M,nthony
1654,Timohy,KKim,M,Christoher
900,CCheryl,Garrtt,F,Harrry
1321,Loori,uiz,F,red
1494,isa,Mooore,F,ary
1820,Kathrryn,Le,F,Jremy
790,Lnda,Hamilto,F,SSteve
367,Deebra,Stanlley,F,Juustin
757,Stteven,Baley,M,Mtthew
1689,Wiilliam,LLawson,M,Jese
1793,Lwrence,Wallae,M,aron
845,Erc,iller,M,Willam
1743,Evelynn,tone,F,Timoty
265,Virinia,Paler,F,Mak
620,Terrry,Paye,M,Claence
39,Mariie,Hartt,F,Ricchard
1077,Petter,Deann,M,Dougls
48,Michaael,TTaylor,M,Stevn
1203,Kell,eyer,F,Chrs
1675,Seann,Matin,M,Chri
1599,Irne,Kimm,F,MMartin
376,Johny,WWest,M,Thoas
1185,Andrw,Jckson,M,Terrry
1744,WWayne,Pekins,M,Timoothy
1035,Vctor,Fosster,M,Louuis
642,Joee,reen,M,Ronnald
599,Anie,ean,F,Seann
562,Rth,Scottt,F,Ronalld
24,Kimbery,Petersson,F,SSteve
1510,Phylllis,Graha,F,Heenry
563,Rebeca,Stannley,F,Billly
1906,Gerge,Wilsson,M,Johny
47,Rby,Grrett,F,Keenneth
923,Phylli,Watsson,F,Dnald
1221,Allan,Nguye,M,Geeorge
462,Emmily,Allenn,F,Jeremyy
513,harles,RRay,M,Brandoon
176,Lilliaan,Griffi,F,JJohn
462,mily,AAllen,F,Jremy
1942,Jasoon,Frd,M,Joh
1037,Cnthia,Poorter,F,Doonald
1432,Athony,Mccoyy,M,Waye
27,Louiise,Meer,F,Mtthew
371,Caol,ee,F,Albet
1431,Toodd,Mooe,M,Willliam
227,Margart,Goez,F,Eic
361,Ane,art,F,Phillp
1756,Jackk,Gardnr,M,Michhael
1369,Patrcia,Mendozaa,F,avid
76,FFrank,ox,M,arl
1965,Robiin,Hunnt,F,Garry
421,Pamelaa,Fernanddez,F,Josepph
1986,Ruh,GGeorge,F,Carll
1779,Juulie,Hennry,F,Victo
378,Jenifer,Woodd,F,Ramond
1827,Pamea,Log,F,Philli
659,Dorthy,haw,F,Benjamiin
1980,ildred,Alexande,F,Grregory
1826,Virrginia,Parkeer,F,Jese
1682,Josha,Dun,M,Waynne
1107,artin,Hil,M,Wallter
1551,Phylls,Morrisonn,F,Crraig
98,Juliia,Lawwson,F,Russel
1271,Kimberrly,Herrnandez,F,Crai
283,Deba,Daniiels,F,Carloss
617,Pattrick,BBishop,M,Rogerr
1790,Therea,Leee,F,Fredd
432,Rymond,Kenneedy,M,Walteer
1524,Rooger,Mitchelll,M,Rogr
1395,imothy,Colemann,M,Hary
1230,Gar,Griffinn,M,AAlan
756,Jea,Tuckr,F,Ranndy
1904,Kareen,Red,F,Timoty
768,Jane,Wrightt,F,Stephe
233,elly,Mooore,F,Jams
1089,Kimbrly,lores,F,Fredd
493,Shaawn,Brookks,M,Ryaan
579,Egene,Mcco,M,larence
1874,Larence,CClark,M,Michaell
703,esse,Diiaz,M,Allbert
298,Frnk,Mcoy,M,Scoott
978,Nicolee,Monttgomery,F,Joshuua
1432,Anthoy,Mccooy,M,Waayne
673,Jerem,Romeero,M,rthur
929,Marria,Richardsoon,F,Carrl
1950,PPaul,Hernnandez,M,Wiliam
1087,Dbra,Haart,F,Geald
654,Caolyn,Wiillis,F,Williiam
1020,Glooria,Miler,F,Nichola
1812,Barrbara,Nelsoon,F,Lary
1828,Jaet,Miills,F,Jo
1081,Judih,tanley,F,Haarold
935,Ana,Berrry,F,PPaul
1707,Ernnest,Snder,M,Jasson
610,Waalter,Hernandeez,M,Frd
92,Loui,Grifffin,M,Wille
1992,Lous,Stanle,M,Water
395,Stepanie,Paatterson,F,Seaan
1247,Janeet,Meedina,F,MMichael
1283,Nicolas,Havey,M,oshua
1720,Lilliaan,Liittle,F,Ernesst
690,Kimbrly,Austtin,F,arry
55,Juuan,Turneer,M,Aln
309,Louuis,RRamos,M,AAaron
433,EEvelyn,Gardnr,F,RRoy
170,Dniel,Priice,M,Matthhew
767,Bobb,Peteers,M,Jak
1882,Keneth,Riveraa,M,Philliip
106,Margaaret,Johnon,F,Raymoond
1378,Heenry,mith,M,Stev
344,heresa,Hamiilton,F,Jasn
1028,Ammy,Jakson,F,RRaymond
905,NNancy,Adamms,F,Rogerr
927,Catherinee,Moraless,F,Joshu
1863,Jon,Haye,F,Loouis
1372,Allice,uncan,F,Luis
1894,Mattthew,Wlls,M,ean
1453,Json,Daavis,M,Petter
1626,Kren,Fod,F,Dougglas
1231,Sauel,Reeid,M,Beenjamin
627,Kathyy,Knighht,F,Brucce
303,Brucce,Cartter,M,Donal
111,Jannet,Hendeerson,F,Rnald
1860,Thmas,LLewis,M,yan
267,Anrew,nyder,M,Brin
1589,Earll,Grantt,M,Tdd
1335,Enest,Rse,M,Eic
808,Jonatha,Alexanderr,M,KKeith
247,Gloriaa,Schmiddt,F,Timothhy
1728,Jmes,aniels,M,ric
1138,Anddrea,Watkkins,F,Pattrick
1919,Ernet,Richardsonn,M,Harld
46,EEdward,Marhall,M,BBrian
192,Eugne,Freemaan,M,Lawreence
1453,Jaon,Davvis,M,Peeter
334,aymond,Thommas,M,Peeter
1357,Joshuaa,Reeid,M,Ronad
291,Tomas,Robiinson,M,Jeremyy
1758,Ernnest,Hward,M,Bnjamin
413,Amandda,art,F,immy
1908,Anndrea,Greenee,F,Jamees
40,Json,Tuker,M,Jaes
70,Heatheer,Hooward,F,Pattrick
1934,Norrma,CCole,F,Caarlos
319,Russeell,Addams,M,Ala
